time,power,soc,current,voltage,output,loss,temp,warning
0.1,0.0,50.0,0.0,380.190942,0.0,0.0,60,
0.2,0.0,50.0,0.0,380.190942,0.0,0.0,60,
0.3,0.0,50.0,0.0,380.190942,0.0,0.0,60,
0.4,0.0,50.0,0.0,380.190942,0.0,0.0,60,
0.5,0.0,50.0,0.0,380.190942,0.0,0.0,60,
0.6,0.0,50.0,0.0,380.190942,0.0,0.0,60,
0.7,0.0,50.0,0.0,380.190942,0.0,0.0,60,
0.8,0.0,50.0,0.0,380.190942,0.0,0.0,60,
0.9,0.0,50.0,0.0,380.190942,0.0,0.0,60,
1.0,0.0,50.0,0.0,380.190942,0.0,0.0,60,
1.1,0.0,50.0,0.0,380.190942,0.0,0.0,60,
1.2,0.0,50.0,0.0,380.190942,0.0,0.0,60,
1.3,0.0,50.0,0.0,380.190942,0.0,0.0,60,
1.4,0.0,50.0,0.0,380.190942,0.0,0.0,60,
1.5,0.0,50.0,0.0,380.190942,0.0,0.0,60,
1.6,0.0,50.0,0.0,380.190942,0.0,0.0,60,
1.7,0.0,50.0,0.0,380.190942,0.0,0.0,60,
1.8,0.0,50.0,0.0,380.190942,0.0,0.0,60,
1.9,0.0,50.0,0.0,380.190942,0.0,0.0,60,
2.0,0.0,50.0,0.0,380.190942,0.0,0.0,60,
2.1,0.0,50.0,0.0,380.190942,0.0,0.0,60,
2.2,0.0,50.0,0.0,380.190942,0.0,0.0,60,
2.3,0.0,50.0,0.0,380.190942,0.0,0.0,60,
2.4,0.0,50.0,0.0,380.190942,0.0,0.0,60,
2.5,0.0,50.0,0.0,380.190942,0.0,0.0,60,
2.6,0.0,50.0,0.0,380.190942,0.0,0.0,60,
2.7,0.0,50.0,0.0,380.190942,0.0,0.0,60,
2.8,0.0,50.0,0.0,380.190942,0.0,0.0,60,
2.9,0.0,50.0,0.0,380.190942,0.0,0.0,60,
3.0,0.0,50.0,0.0,380.190942,0.0,0.0,60,
3.1,0.0,50.0,0.0,380.190942,0.0,0.0,60,
3.2,0.0,50.0,0.0,380.190942,0.0,0.0,60,
3.3,-50000.0,50.188993018349294,-122.4674758903388,408.27166263124064,-50000.0,1756.2032213816358,60,
3.4,-50000.0,50.37768140918416,-122.2700772609976,408.93079582562183,-50000.000000000015,1749.608768794215,60,
3.5,-50000.0,50.56606729439076,-122.0740536138759,409.58744728959005,-49999.999999999985,1743.0702635520795,60,
3.6,-50000.0,50.754152774994665,-121.87939143133383,410.2416283245855,-49999.99999999993,1736.5870287099078,60,
3.7,-50000.0,50.94193993143038,-121.68607737034523,410.89335017207964,-50000.00000000004,1730.1583977678094,60,
3.8,0.0,50.94193993143038,5.419378667137041e-14,383.6750498132047,2.079280380070423e-11,3.6153959346620757e-28,60,
3.9,-50000.0,51.129434224508366,-121.49630191453534,411.53515960651816,-50000.00000000002,1723.8462468758971,60,
4.0,-50000.0,51.316634265177186,-121.30562635339587,412.1820355993761,-50000.00000000003,1717.5241960459857,60,
4.1,-50000.0,51.5035420739572,-121.11626008944502,412.8264855856246,-50000.00000000004,1711.2548188295775,60,
4.2,0.0,51.5035420739572,-9.255317119514933e-14,385.72479237375995,-3.570005274278204e-11,1.0548935877587282e-27,60,
4.3,-50000.0,51.69016498149652,-120.93164408548552,413.45671249334356,-49999.999999999935,1705.1348795692945,60,
4.4,-45000.0,51.8589306952485,-109.36018251128633,411.4843169300293,-44999.99999999999,1393.6911732734407,60,
4.5,-38000.0,52.002535233800494,-93.05574098169087,408.35739524632476,-37999.99999999996,1008.6156089652944,60,
4.6,-38000.0,52.145966604295666,-92.94352808087544,408.85041470487283,-37999.99999999992,1005.7729204301696,60,
4.7,-25000.0,52.241865996104565,-62.142805892162954,402.29918236042784,-24999.999999999935,449.4338494088503,60,
4.8,-6000.0,52.265493183581725,-15.310417485199489,391.89003211703397,-6000.000000000026,27.27340505362112,60,
4.9,-8000.0,52.29689793893779,-20.350281470730494,393.11495575657034,-7999.999999999971,48.181117790688404,60,
5.0,-2000.0,52.304817530231226,-5.1318951581480325,389.7195750042945,-2000.000000000048,3.063745446803058,60,
5.1,-20000.0,52.381973137543156,-49.99683353813235,400.02533329928076,-20000.00000000005,290.7852123396379,60,
5.2,0.0,52.381973137543156,5.4351815385342085e-14,388.81836361699425,2.1132983917741683e-11,3.6401446020019835e-28,60,
5.3,0.0,52.381973137543156,8.632347149436684e-14,388.7989604533422,3.3562475979733545e-11,9.182233269409763e-28,60,
5.4,0.0,52.381973137543156,4.1563152941732186e-14,388.77962800221394,1.6158907139285762e-11,2.1286658745271114e-28,60,
5.5,0.0,52.381973137543156,-2.5577324887219805e-14,388.76036600590606,-9.943450184607542e-12,8.06121987986591e-29,60,
5.6,0.0,52.381973137543156,-2.877449049812228e-14,388.7411742076543,-1.1185829223467046e-11,1.0202481410455292e-28,60,
5.7,0.0,52.381973137543156,0.0,388.7220523516301,0.0,0.0,60,
5.8,0.0,52.381973137543156,2.877449049812228e-14,388.7030001829375,1.1184730785355558e-11,1.0202481410455292e-28,60,
5.9,0.0,52.381973137543156,-1.5985828054512377e-14,388.6840174476092,-6.21343587045457e-12,3.148914015572649e-29,60,
6.0,0.0,52.381973137543156,-1.9182993665414856e-14,388.66510389260367,-7.455760225939623e-12,4.534436182424575e-29,60,
6.1,0.0,52.381973137543156,-2.238015927631733e-14,388.64625926580123,-8.697965184513552e-12,6.171871470522338e-29,60,
6.2,0.0,52.381973137543156,9.911213393797675e-14,388.6274833160014,3.8517699178394356e-11,1.2104425475861266e-27,60,
6.3,0.0,52.381973137543156,3.1971656109024757e-15,388.60877579291906,1.2424466140600312e-12,1.2595656062290484e-30,60,
6.4,0.0,52.381973137543156,-6.714047782895199e-14,388.590136447181,-2.6090127440681385e-11,5.554684323470154e-28,60,
6.5,0.0,52.381973137543156,-3.1971656109024755e-14,388.5715650303231,-1.2423276450895039e-11,1.2595656062290484e-28,60,
6.6,0.0,52.381973137543156,-4.7957484163537136e-14,388.5530612947866,-1.86340272837386e-11,2.8340226140153593e-28,60,
6.7,0.0,52.381973137543156,9.27178027161718e-14,388.5346249939149,3.6024076708587595e-11,1.0592946748386393e-27,60,
6.8,0.0,52.381973137543156,-4.1563152941732186e-14,388.51625588195054,-1.6147960563570668e-11,2.128665874527092e-28,60,
6.9,0.0,52.381973137543156,9.591496832707428e-15,388.49795371403144,3.726276892561449e-12,1.1336090456061539e-29,60,
7.0,0.0,52.381973137543156,7.992914027256189e-14,388.47971824618793,3.105084989274488e-11,7.872285038931553e-28,60,
7.1,0.0,52.381973137543156,-1.5985828054512377e-14,388.46154923533965,-6.209879531865633e-12,3.148914015572621e-29,60,
7.2,0.0,52.381973137543156,-3.836598733082971e-14,388.44344643929185,-1.49030163448337e-11,1.8137744729698462e-28,60,
7.3,0.0,52.381973137543156,-6.714047782895199e-14,388.4254096167326,-2.607906760257383e-11,5.554684323470105e-28,60,
7.4,0.0,52.381973137543156,5.4351815385342085e-14,388.40743852722943,2.111064939312558e-11,3.6401446020019835e-28,60,
7.5,0.0,52.381973137543156,7.673197466165942e-14,388.3895329312259,2.980189579973257e-11,7.25509789187932e-28,60,
7.6,0.0,52.381973137543156,1.2788662443609903e-14,388.3716925900389,4.966754479187441e-12,2.0153049699664775e-29,60,
7.7,0.0,52.381973137543156,-6.394331221804951e-15,388.3539172658548,-2.4832635782833126e-12,5.0382624249162386e-30,60,
7.8,0.0,52.381973137543156,6.394331221804951e-15,388.3362067217271,2.483150331198041e-12,5.038262424916194e-30,60,
7.9,0.0,52.381973137543156,7.992914027256189e-14,388.31856072157234,3.1037968710353895e-11,7.872285038931623e-28,60,
8.0,0.0,52.381973137543156,9.591496832707427e-14,388.30097903016787,3.7243876105050484e-11,1.1336090456061437e-27,60,
8.1,0.0,52.381973137543156,9.911213393797675e-14,388.283461413148,3.8483602433481154e-11,1.2104425475861158e-27,60,
8.2,0.0,52.381973137543156,-9.591496832707428e-15,388.2660076370013,-3.724052182498256e-12,1.1336090456061438e-29,60,
8.3,0.0,52.381973137543156,-7.033764343985447e-14,388.24861746906726,-2.7308492821555706e-11,6.0962975341487045e-28,60,
8.4,0.0,52.381973137543156,-6.394331221804951e-14,388.2312906775333,-2.4824794632609847e-11,5.038262424916194e-28,60,
8.5,0.0,52.381973137543156,-2.238015927631733e-14,388.2140270314317,-8.688291758264003e-12,6.171871470522338e-29,60,
8.6,0.0,52.381973137543156,7.673197466165942e-14,388.1968263006364,2.978710903943704e-11,7.25509789187932e-28,60,
8.7,0.0,52.381973137543156,7.673197466165942e-14,388.1796882558601,2.9785794003419516e-11,7.25509789187932e-28,60,
8.8,0.0,52.381973137543156,7.033764343985447e-14,388.16261266865104,2.7302443446569914e-11,6.0962975341487045e-28,60,
8.9,0.0,52.381973137543156,5.4351815385342085e-14,388.14559931138996,2.109641795640563e-11,3.640144602001951e-28,60,
9.0,0.0,52.381973137543156,3.1971656109024755e-14,388.1286479572873,1.2409115658551122e-11,1.2595656062290484e-28,60,
9.1,0.0,52.381973137543156,-2.5577324887219805e-14,388.1117583803799,-9.92686053664513e-12,8.06121987986591e-29,60,
9.2,0.0,52.381973137543156,2.238015927631733e-14,388.09493035552805,8.685626355687999e-12,6.171871470522338e-29,60,
9.3,-60000.0,52.602011801431715,-142.58505419978147,420.80146714347495,-59999.999999999935,2364.502265888731,60,
9.4,-55000.0,52.80457818421935,-131.263016046392,419.00606626745036,-54999.999999999935,2002.643970342129,60,
9.5,-60000.0,53.02387233392349,-142.1026090082852,422.2301083613582,-59999.99999999998,2345.6967345365338,60,
9.6,0.0,53.02387233392349,-4.16172475758545e-14,390.4063453028534,-1.6247637527653393e-11,2.135159876931634e-28,60,
9.7,-50000.0,53.208531749585184,-119.65930134877446,417.85301632560527,-49999.99999999998,1662.220161275203,60,
9.8,-50000.0,53.39291561748496,-119.48074639905181,418.47746609320484,-50000.00000000001,1656.3884089922253,60,
9.9,-50000.0,53.57702578043689,-119.30338559285276,419.0995901041329,-49999.99999999991,1650.603628090592,60,
10.0,-50000.0,53.76086406391809,-119.12720769581702,419.719398843558,-49999.99999999999,1644.865276742342,60,
10.1,-45000.0,53.92709561532243,-107.71804531001301,417.7573021353082,-44999.99999999992,1344.1777530922777,60,
10.2,-45000.0,54.093105684842705,-107.57452504913867,418.3146519070807,-44999.99999999998,1339.9599262612169,60,
10.3,-25000.0,54.187604677192446,-61.235347042636974,408.26093436839625,-24999.99999999998,433.98092391826935,60,
10.4,-25000.0,54.28203219340373,-61.1890305049102,408.5699641538493,-24999.999999999953,433.2072673859014,60,
10.5,-45000.0,54.44758360615497,-107.27731546280707,419.4735840085543,-44999.999999999985,1331.2105683610391,60,
10.6,-42000.0,54.60246894769585,-100.36570131848966,418.46965096892757,-42000.0,1164.6496716450065,60,
10.7,-40000.0,54.75016506783297,-95.7070858488528,417.94188638415744,-40000.00000000004,1058.5704054192518,60,
10.8,-30000.0,54.86222164851276,-72.61266428049943,413.1510707844488,-30000.000000000036,609.0768473456861,60,
10.9,-10000.0,54.90055684114154,-24.84120482344828,402.5569641678875,-10000.000000000024,71.26115260147117,60,
11.0,0.0,54.90055684114154,-6.427109496428998e-14,396.95450633739574,-2.551270077331361e-11,5.098933418744243e-28,60,
11.1,0.0,54.90055684114154,-6.4271094964289976e-15,396.91844274100316,-2.551038292648511e-12,5.098933418744243e-30,60,
11.2,0.0,54.90055684114154,-8.997953295000597e-14,396.88250962653353,-3.5711302852221736e-11,9.993909500738719e-28,60,
11.3,0.0,54.90055684114154,-1.2854218992857995e-14,396.84670652188936,-5.101154472226813e-12,2.0395733674977334e-29,60,
11.4,0.0,54.90055684114154,6.427109496428998e-14,396.81103295668134,2.550347958203687e-11,5.098933418744243e-28,60,
11.5,0.0,54.90055684114154,-9.640664244643497e-14,396.7754884622221,-3.8251792647687025e-11,1.1472600192174546e-27,60,
11.6,0.0,54.90055684114154,1.9281328489286993e-14,396.7400725715197,7.649675664115032e-12,4.589040076869818e-29,60,
11.7,0.0,54.90055684114154,-1.9281328489286993e-14,396.7047848192724,-7.648995269372302e-12,4.589040076869818e-29,60,
11.8,0.0,54.90055684114154,7.712531395714797e-14,396.6696247418614,3.059326934548013e-11,7.34246412299184e-28,60,
11.9,0.0,54.90055684114154,0.0,396.6345918773458,0.0,0.0,60,
12.0,0.0,54.90055684114154,-8.997953295000597e-14,396.5996857654557,-3.568585449329484e-11,9.993909500738719e-28,60,
12.1,0.0,54.90055684114154,1.0283375194286396e-13,396.5649059475866,4.07802571674593e-11,1.3053269551985262e-27,60,
12.2,0.0,54.90055684114154,-6.4271094964289976e-15,396.53025196679346,-2.5485433480371613e-12,5.098933418744243e-30,60,
12.3,0.0,54.90055684114154,7.712531395714797e-14,396.4957233677842,3.057985714740685e-11,7.34246412299184e-28,60,
12.4,0.0,54.90055684114154,3.8562656978573986e-14,396.4613196969143,1.5288601876744864e-11,1.8356160307479273e-28,60,
12.5,0.0,54.90055684114154,-1.0283375194286396e-13,396.42704050218055,-4.076607994644492e-11,1.3053269551985262e-27,60,
12.6,0.0,54.90055684114154,-7.069820446071898e-14,396.3928853332149,-2.802426525406196e-11,6.169709436680534e-28,60,
12.7,0.0,54.90055684114154,-5.784398546786099e-14,396.35885374127906,-2.2926975775868583e-11,4.130136069182838e-28,60,
12.8,0.0,54.90055684114154,2.570843798571599e-14,396.32494527925815,1.0188895277904091e-11,8.158293469990934e-29,60,
12.9,0.0,54.90055684114154,-6.4271094964289976e-15,396.2911595016551,-2.547006674583946e-12,5.098933418744243e-30,60,
13.0,0.0,54.90055684114154,-6.427109496428998e-14,396.2574959645847,-2.5467903153451576e-11,5.098933418744243e-28,60,
13.1,0.0,54.90055684114154,6.4271094964289976e-15,396.22395422576756,2.546574738917079e-12,5.098933418744243e-30,60,
13.2,0.0,54.90055684114154,-5.141687597143198e-14,396.1905338445248,-2.0370879539739356e-11,3.2633173879963156e-28,60,
13.3,0.0,54.90055684114154,-8.997953295000597e-14,396.1572343817718,-3.5646042924437876e-11,9.993909500738895e-28,60,
13.4,0.0,54.90055684114154,-8.997953295000597e-14,396.1240554000126,-3.5643057495155426e-11,9.993909500738719e-28,60,
13.5,0.0,54.90055684114154,5.141687597143198e-14,396.0909964633341,2.036576163855615e-11,3.2633173879963156e-28,60,
13.6,0.0,54.90055684114154,-5.784398546786099e-14,396.05805713740057,-2.2909576501485054e-11,4.130136069182838e-28,60,
13.7,0.0,54.90055684114154,9.640664244643497e-14,396.0252369894475,3.8179463422206334e-11,1.1472600192174546e-27,60,
13.8,0.0,54.90055684114154,-7.069820446071898e-14,395.99253558827644,-2.7995961245938505e-11,6.169709436680644e-28,60,
13.9,0.0,54.90055684114154,-4.4989766475002986e-14,395.9599525042488,-1.781414579661943e-11,2.4984773751846797e-28,60,
14.0,0.0,54.90055684114154,-7.069820446071898e-14,395.9274873092806,-2.7991362449410238e-11,6.169709436680534e-28,60,
14.1,0.0,54.90055684114154,6.4271094964289976e-15,395.89513957683675,2.544461411164371e-12,5.098933418744243e-30,60,
14.2,0.0,54.90055684114154,-1.0283375194286396e-13,395.86290888192536,-4.070806817534447e-11,1.3053269551985262e-27,60,
14.3,0.0,54.90055684114154,-1.2854218992857995e-14,395.8307948010921,-5.088095720490274e-12,2.0395733674977334e-29,60,
14.4,0.0,54.90055684114154,3.8562656978573986e-14,395.79879691241496,1.5263053237865726e-11,1.8356160307479273e-28,60,
14.5,0.0,54.90055684114154,1.0283375194286396e-13,395.76691479549834,4.069819674327285e-11,1.3053269551985262e-27,60,
14.6,0.0,54.90055684114154,0.0,395.73514803146776,0.0,0.0,60,
14.7,0.0,54.90055684114154,-1.9281328489286993e-14,395.7034962029641,-7.62968909464868e-12,4.589040076869818e-29,60,
14.8,0.0,54.90055684114154,0.0,395.6719588941385,0.0,0.0,60,
14.9,0.0,54.90055684114154,-8.997953295000597e-14,395.6405356906467,-3.559955061753456e-11,9.993909500738719e-28,60,
15.0,0.0,54.90055684114154,-4.4989766475002986e-14,395.60922617964326,-1.7798366701178787e-11,2.4984773751846797e-28,60,
15.1,0.0,54.90055684114154,8.355242345357698e-14,395.57802994977675,3.3051503067295505e-11,8.617197477677772e-28,60,
15.2,0.0,54.90055684114154,1.2854218992857995e-14,395.54694659118405,5.084447073439385e-12,2.0395733674976973e-29,60,
15.3,0.0,54.90055684114154,-3.213554748214499e-14,395.51597569548494,-1.271012241690916e-11,1.2747333546860835e-28,60,
15.4,0.0,54.90055684114154,4.4989766475002986e-14,395.48511685577654,1.7792783051680653e-11,2.4984773751846797e-28,60,
15.5,0.0,54.90055684114154,-7.712531395714797e-14,395.45436966662857,-3.049954241626478e-11,7.342464122991709e-28,60,
15.6,0.0,54.90055684114154,4.4989766475002986e-14,395.4237337240773,1.779002143892e-11,2.4984773751846797e-28,60,
15.7,0.0,54.90055684114154,1.9281328489286993e-14,395.39320862562084,7.623706337943779e-12,4.589040076869818e-29,60,
15.8,0.0,54.90055684114154,6.4271094964289976e-15,395.3627939702134,2.5410399676606597e-12,5.0989334187443335e-30,60,
15.9,0.0,54.90055684114154,-1.0283375194286396e-13,395.3324893582603,-4.0653523145622246e-11,1.3053269551985262e-27,60,
16.0,0.0,54.90055684114154,5.141687597143198e-14,395.3022943916126,2.0325209041956035e-11,3.2633173879963156e-28,60,
16.1,0.0,54.90055684114154,-6.4271094964289976e-15,395.27220867356203,-2.540457766040315e-12,5.0989334187443335e-30,60,
16.2,0.0,54.90055684114154,-4.4989766475002986e-14,395.2422318088355,-1.7781855710138508e-11,2.498477375184635e-28,60,
16.3,0.0,54.90055684114154,-3.8562656978573986e-14,395.2123634035902,-1.5240438803624174e-11,1.83561603074796e-28,60,
16.4,0.0,54.90055684114154,5.141687597143198e-14,395.18260306540805,2.031905488788172e-11,3.2633173879962578e-28,60,
16.5,0.0,54.90055684114154,-1.2854218992857995e-14,395.1529504032911,-5.079382560157858e-12,2.0395733674977334e-29,60,
16.6,0.0,54.90055684114154,1.9281328489286993e-14,395.12340502765574,7.618504166143822e-12,4.5890400768699e-29,60,
16.7,0.0,54.90055684114154,-6.427109496428998e-14,395.0939665503282,-2.5393121843974154e-11,5.098933418744153e-28,60,
16.8,0.0,54.90055684114154,2.570843798571599e-14,395.064634584539,1.015649465856617e-11,8.158293469990934e-29,60,
16.9,0.0,54.90055684114154,1.9281328489286993e-14,395.03540874491813,7.616807480910522e-12,4.5890400768697364e-29,60,
17.0,0.0,54.90055684114154,6.427109496428998e-14,395.00628864748984,2.538748668915456e-11,5.098933418744334e-28,60,
17.1,0.0,54.90055684114154,1.9281328489286993e-14,394.97727390966753,7.615686564055385e-12,4.5890400768699e-29,60,
17.2,0.0,54.90055684114154,-5.141687597143198e-14,394.9483641502491,-2.030701105463331e-11,3.2633173879962578e-28,60,
17.3,0.0,54.90055684114154,2.570843798571599e-14,394.9195589894114,1.0152764991625591e-11,8.158293469990934e-29,60,
17.4,0.0,54.90055684114154,1.0283375194286396e-13,394.89085804870575,4.060810854108531e-11,1.3053269551985031e-27,60,
17.5,0.0,54.90055684114154,2.570843798571599e-14,394.86226095105263,1.015129194855974e-11,8.158293469990934e-29,60,
17.6,0.0,54.90055684114154,-1.9281328489286993e-14,394.83376732073685,-7.612919566373835e-12,4.5890400768699e-29,60,
17.7,0.0,54.90055684114154,1.0283375194286396e-13,394.8053767834025,4.059931818185335e-11,1.3053269551985031e-27,60,
17.8,0.0,54.90055684114154,-1.2854218992857995e-14,394.7770889660483,-5.074551154932569e-12,2.0395733674977334e-29,60,
17.9,0.0,54.90055684114154,7.712531395714797e-14,394.7489034970224,3.044513311644776e-11,7.342464122991578e-28,60,
18.0,0.0,54.90055684114154,1.0283375194286396e-13,394.72082000601773,4.059062289118268e-11,1.3053269551985494e-27,60,
18.1,0.0,54.90055684114154,1.9281328489286993e-14,394.692838124067,7.610202264239112e-12,4.5890400768699e-29,60,
18.2,0.0,54.90055684114154,2.570843798571599e-14,394.6649574835378,1.014621958460077e-11,8.158293469990644e-29,60,
18.3,0.0,54.90055684114154,1.2854218992857995e-14,394.63717771812793,5.0727527051122364e-12,2.0395733674977334e-29,60,
18.4,0.0,54.90055684114154,-7.069820446071898e-14,394.6094984628605,-2.789818300446908e-11,6.169709436680424e-28,60,
18.5,0.0,54.90055684114154,3.8562656978573986e-14,394.58191935407905,1.5216127205998695e-11,1.83561603074796e-28,60,
18.6,0.0,54.90055684114154,-5.141687597143198e-14,394.5544400294431,-2.0286756706971672e-11,3.2633173879963735e-28,60,
18.7,0.0,54.90055684114154,7.069820446071898e-14,394.5270601279228,2.7892354762210256e-11,6.169709436680424e-28,60,
18.8,0.0,54.90055684114154,0.0,394.4997792897951,0.0,0.0,60,
18.9,0.0,54.90055684114154,7.069820446071898e-14,394.4725971566378,2.788850432793081e-11,6.169709436680424e-28,60,
19.0,0.0,54.90055684114154,-5.784398546786099e-14,394.44551337132594,-2.2816300543313945e-11,4.130136069182912e-28,60,
19.1,0.0,54.90055684114154,5.784398546786099e-14,394.4185275780266,2.2814739577478498e-11,4.130136069182912e-28,60,
19.2,0.0,54.90055684114154,-1.9281328489286993e-14,394.39163942219426,-7.604394753127758e-12,4.5890400768697364e-29,60,
19.3,0.0,54.90055684114154,2.570843798571599e-14,394.36484855056614,1.0138504252708509e-11,8.158293469990934e-29,60,
19.4,0.0,54.90055684114154,1.0283375194286396e-13,394.3381546111577,4.055127197289053e-11,1.3053269551985031e-27,60,
19.5,0.0,54.90055684114154,9.640664244643497e-14,394.3115572532579,3.8014253312611806e-11,1.1472600192174748e-27,60,
19.6,0.0,54.90055684114154,8.355242345357698e-14,394.28505612742447,3.294347197097594e-11,8.617197477677924e-28,60,
19.7,0.0,54.90055684114154,3.213554748214499e-14,394.2586508854797,1.2669717595776758e-11,1.2747333546860382e-28,60,
19.8,0.0,54.90055684114154,-4.4989766475002986e-14,394.23234118050544,-1.7736420966604644e-11,2.4984773751847236e-28,60,
19.9,0.0,54.90055684114154,-5.784398546786099e-14,394.20612666683877,-2.280245346225839e-11,4.130136069182765e-28,60,
20.0,0.0,54.90055684114154,8.355242345357698e-14,394.1800070000674,3.293469486180357e-11,8.617197477677924e-28,60,
20.1,0.0,54.90055684114154,1.2854218992857995e-14,394.1539818370253,5.066541599440096e-12,2.0395733674977334e-29,60,
20.2,0.0,54.90055684114154,6.4271094964289976e-15,394.1280508357878,2.5331041383357426e-12,5.098933418744153e-30,60,
20.3,0.0,54.90055684114154,4.4989766475002986e-14,394.1022136556675,1.7730566559650214e-11,2.4984773751847236e-28,60,
20.4,0.0,54.90055684114154,6.4271094964289976e-15,394.0764699572098,2.5327726223811997e-12,5.098933418744153e-30,60,
20.5,0.0,54.90055684114154,-5.784398546786099e-14,394.0508194021879,-2.2793469871098874e-11,4.130136069182912e-28,60,
20.6,0.0,54.90055684114154,-3.213554748214499e-14,394.0252616535991,-1.2662217505033839e-11,1.2747333546860835e-28,60,
20.7,0.0,54.90055684114154,7.069820446071898e-14,393.9997963756598,2.785507816164804e-11,6.169709436680424e-28,60,
20.8,0.0,54.90055684114154,-4.4989766475002986e-14,393.9744232338014,-1.7724817298412718e-11,2.4984773751847236e-28,60,
20.9,0.0,54.90055684114154,-1.9281328489286993e-14,393.94914189466573,-7.595862812943782e-12,4.5890400768697364e-29,60,
21.0,0.0,54.90055684114154,-5.784398546786099e-14,393.9239520261008,-2.278613135644014e-11,4.130136069182912e-28,60,
21.1,0.0,54.90055684114154,-7.712531395714797e-14,393.8988532971564,-3.037957272790376e-11,7.34246412299184e-28,60,
21.2,0.0,54.90055684114154,4.4989766475002986e-14,393.8738453780796,1.7720292324171234e-11,2.498477375184635e-28,60,
21.3,0.0,54.90055684114154,3.8562656978573986e-14,393.8489279403108,1.518786110954131e-11,1.83561603074796e-28,60,
21.4,0.0,54.90055684114154,1.0283375194286396e-13,393.8241006564789,4.0498409876029836e-11,1.3053269551985031e-27,60,
21.5,0.0,54.90055684114154,5.784398546786099e-14,393.79936320039747,2.27789246422167e-11,4.130136069182912e-28,60,
21.6,0.0,54.90055684114154,-9.640664244643497e-14,393.7747152470601,-3.7962498177270064e-11,1.1472600192174748e-27,60,
21.7,0.0,54.90055684114154,-8.997953295000597e-14,393.7501564726364,-3.542945517839959e-11,9.99390950073854e-28,60,
21.8,0.0,54.90055684114154,-8.355242345357698e-14,393.7256865544675,-3.2896735287549184e-11,8.617197477677924e-28,60,
21.9,0.0,54.90055684114154,-8.997953295000597e-14,393.7013051710621,-3.542505956109994e-11,9.99390950073854e-28,60,
22.0,0.0,54.90055684114154,-7.069820446071898e-14,393.677012002092,-2.783225788600882e-11,6.169709436680644e-28,60,
22.1,0.0,54.90055684114154,-7.069820446071898e-14,393.65280672838804,-2.783054661661947e-11,6.169709436680644e-28,60,
22.2,0.0,54.90055684114154,0.0,393.6286890319358,0.0,0.0,60,
22.3,0.0,54.90055684114154,0.0,393.6046585958714,0.0,0.0,60,
22.4,0.0,54.90055684114154,7.069820446071898e-14,393.5807151044775,2.7825449868252336e-11,6.169709436680424e-28,60,
22.5,0.0,54.90055684114154,1.6067773741072496e-14,393.5568582431792,6.323582552498745e-12,3.1868333867152087e-29,60,
22.6,0.0,54.90055684114154,-5.4630430719646484e-14,393.5330876985395,-2.1498882083403624e-11,3.683979395042782e-28,60,
22.7,-55000.0,55.10104299543768,-129.91502798389976,423.35364009478707,-55000.00000000009,1948.8502594888469,60,
22.8,-55000.0,55.30120990954599,-129.70816034218294,424.028834075702,-55000.00000000004,1941.5295123608298,60,
22.9,-55000.0,55.50105981265181,-129.50273721257426,424.7014478907835,-54999.99999999994,1934.2707097040754,60,
23.0,-55000.0,55.70059491204835,-129.29874440895517,425.37149336920146,-54999.99999999995,1927.0731025382095,60,
23.1,-45000.0,55.86556985003156,-106.90375981311722,420.9393577799912,-44999.99999999999,1316.576196626697,60,
23.2,-45000.0,56.03032914917922,-106.7640258476856,421.49028797583026,-44999.99999999999,1312.512656902059,60,
23.3,-45000.0,56.19487414766831,-106.62515902093116,422.0392298891317,-44999.99999999999,1308.4789766225706,60,
23.4,-25000.0,56.28850276849858,-60.671346298018925,412.0561274048445,-24999.999999999927,423.4562515934208,60,
23.5,-45000.0,56.45271990233418,-106.41270272546502,422.8818444363343,-44999.999999999985,1302.299655142551,60,
23.6,-25000.0,56.54615394414567,-60.54525909384752,412.91424587429583,-24999.9999999999,421.38438567458854,60,
23.7,-30000.0,56.65747312541215,-72.13482946067889,415.88786199810903,-29999.99999999995,597.9860097400833,60,
23.8,-20000.0,56.73259205095819,-48.67706375382988,410.8711261045704,-20000.000000000047,272.2137981099693,60,
23.9,0.0,56.73259205095819,6.451164559962801e-14,399.92080141516385,2.5799549008814264e-11,5.143684291861621e-28,60,
24.0,0.0,56.73259205095819,-2.5804658239851207e-14,399.88339455032803,-1.0318854332162794e-11,8.229894866978888e-29,60,
24.1,0.0,56.73259205095819,-3.2255822799814006e-14,399.8461223192409,-1.2897365668722191e-11,1.285921072965451e-28,60,
24.2,0.0,56.73259205095819,-9.676746839944202e-14,399.8089842373325,-3.868850324799908e-11,1.1573289656688648e-27,60,
24.3,0.0,56.73259205095819,-2.5804658239851207e-14,399.77197982177665,-1.031597931316964e-11,8.229894866978888e-29,60,
24.4,0.0,56.73259205095819,-1.2902329119925603e-14,399.7351085914853,-5.157513931836544e-12,2.0574737167446488e-29,60,
24.5,0.0,56.73259205095819,3.870698735977681e-14,399.6983700671016,1.5471119757910694e-11,1.8517263450702494e-28,60,
24.6,0.0,56.73259205095819,0.0,399.6617637709943,0.0,0.0,60,
24.7,0.0,56.73259205095819,-2.5804658239851207e-14,399.62528922725096,-1.0312194012510903e-11,8.229894866978595e-29,60,
24.8,0.0,56.73259205095819,-2.5804658239851207e-14,399.58894596167215,-1.0311256186963323e-11,8.229894866978888e-29,60,
24.9,0.0,56.73259205095819,-6.451164559962801e-14,399.5527335017651,-2.5775804342028486e-11,5.143684291861621e-28,60,
25.0,0.0,56.73259205095819,4.515815191973961e-14,399.5166513767377,1.8041433637336368e-11,2.520405303012284e-28,60,
25.1,0.0,56.73259205095819,7.741397471955362e-14,399.4806991174923,3.0925388742431154e-11,7.406905380280998e-28,60,
25.2,0.0,56.73259205095819,-5.1609316479702414e-14,399.44487625661964,-2.061507703492345e-11,3.291957946791438e-28,60,
25.3,0.0,56.73259205095819,8.386513927951641e-14,399.4091823283925,3.3496506705488405e-11,8.692826453246448e-28,60,
25.4,0.0,56.73259205095819,3.2255822799814006e-14,399.3736168687603,1.2882124616639541e-11,1.2859210729654053e-28,60,
25.5,0.0,56.73259205095819,-7.741397471955362e-14,399.3381794153423,-3.091435572581188e-11,7.406905380280998e-28,60,
25.6,0.0,56.73259205095819,7.096281015959082e-14,399.30286950742214,2.8335653725035065e-11,6.223857993152784e-28,60,
25.7,80000.0,56.3764414975869,230.78555858459592,346.6421403949131,79999.99999999994,6582.87067000058,60,
25.8,90000.0,55.964247892208384,267.1014562852736,336.9506151395776,89999.99999999996,8815.43375258009,60,
25.9,80000.0,55.60439084901315,233.1873639905138,343.0717626845959,80000.00000000004,6717.032627536425,60,
26.0,80000.0,55.24276832209188,234.33139744498305,341.39684597230564,80000.00000000001,6781.415223588951,60,
26.1,80000.0,54.87935386986798,235.4925650410818,339.7134851626588,80000.0,6847.07610836995,60,
26.2,80000.0,54.5141202799609,236.6713662597908,338.0214567747294,80000.00000000003,6914.057836861989,60,
26.3,75000.0,54.17403374753731,220.37607301048092,340.3273276243245,75000.0,5993.226558080174,60,
26.4,75000.0,53.832384528479984,221.38869394915181,338.7706872566214,74999.99999999997,6047.006943087484,60,
26.5,75000.0,53.48915105156563,222.4152930404966,337.20702823408925,74999.99999999997,6101.774635208149,60,
26.6,70000.0,53.171072817933364,206.11469539371035,339.61673555730425,70000.00000000004,5238.917582850476,60,
26.7,70000.0,52.85164937040112,206.98639400089303,338.18648002388977,69999.99999999999,5282.16025639575,60,
26.8,75000.0,52.50378462613067,225.4163542872485,332.7176514638654,74999.99999999996,6263.292828039477,60,
26.9,75000.0,52.154247055045666,226.50034606308876,331.1253218973438,75000.00000000003,6322.151953591713,60,
27.0,75000.0,51.803012045407414,227.60028624558015,329.52506887041073,75000.0,6382.158500453128,60,
27.1,75000.0,51.450054279838206,228.7166320888408,327.91668587909095,75000.00000000003,6443.35001176532,60,
27.2,80000.0,51.06666762051467,248.43455524165418,322.01639551383414,79999.99999999999,7600.356093584864,60,
27.3,80000.0,50.68113149666592,249.82740825398588,320.2210700543646,79999.99999999996,7683.774548867754,60,
27.4,80000.0,50.29340722693112,251.24532678815405,318.413882648869,80000.00000000003,7769.163629821581,60,
27.5,80000.0,49.90345477213891,252.6891907053495,316.5944683929307,80000.00000000001,7856.602058691694,60,
27.6,80000.0,49.51120644997714,254.17691276081968,314.741410347052,79999.99999999999,7972.904557707163,60,
27.7,80000.0,49.11653676503237,255.74595584421203,312.8104205437838,79999.99999999993,8175.0333814234045,60,
27.8,80000.0,48.71939706256118,257.3465272013315,310.8648905038966,79999.99999999997,8383.014927674512,60,
27.9,80000.0,48.3197366136449,258.9799708977547,308.9041971959447,80000.00000000003,8597.115352978504,60,
28.0,80000.0,47.91750249443485,260.6477092481068,306.9276926729065,80000.00000000003,8817.618125947427,60,
28.1,80000.0,47.512639455091346,262.351249494589,304.93470167997043,80000.0,9044.825521086974,60,
28.2,75000.0,47.13644435204882,243.77442677156347,307.66147619857236,75000.0,7906.224893157949,60,
28.3,75000.0,46.758013695865294,245.22306520692217,305.84398713356785,74999.99999999997,8091.637579153945,60,
28.4,75000.0,46.37730361812253,246.7001303773144,304.01281055381514,74999.99999999997,8282.226048686802,60,
28.5,75000.0,45.99426847362685,248.2067736331968,302.1674183269308,74999.99999999999,8478.217526580675,60,
28.6,75000.0,45.608860739612204,249.74421164148933,300.307260404751,74999.99999999999,8679.853476638642,60,
28.7,75000.0,45.22103090676669,251.3137316838953,298.4317629501268,75000.00000000001,8887.390783766412,60,
28.8,75000.0,44.83072736125679,252.91669749040736,296.54032629792897,74999.99999999999,9101.103060100751,60,
28.9,80000.0,44.40751240171751,274.2432937814592,290.0,79530.55519662317,10818.97049066915,60,min system voltage limit
29.0,80000.0,43.99517009559112,267.19781436990104,290.0,77487.3661672713,10391.986360297933,60,min system voltage limit
29.1,80000.0,43.593363940805816,260.3703883008754,290.0,75507.41260725386,9980.353794149802,60,min system voltage limit
29.2,80000.0,43.201770039241424,253.75284821373236,290.0,73588.32598198239,9583.747923914723,60,min system voltage limit
29.3,80000.0,42.82007649458559,247.33741693697345,290.0,71727.8509117223,9201.819928630697,60,min system voltage limit
29.4,80000.0,42.44798284741681,241.11668336537488,290.0,69923.83817595872,8834.202363845103,60,min system voltage limit
29.5,80000.0,42.08519954458432,235.08358023544787,290.0,68174.23826827988,8480.51376247116,60,min system voltage limit
29.6,80000.0,41.73144744024302,229.2313636131556,290.0,66477.09544781513,8140.362599011031,60,min system voltage limit
29.7,80000.0,41.38645732615339,223.55359393008803,290.0,64830.54223972553,7813.350697224572,60,min system voltage limit
29.8,80000.0,41.049969489080276,218.04411842337825,290.0,63232.79434277969,7499.076151200283,60,min system voltage limit
29.9,85000.0,40.72173329332244,212.69705485108324,290.0,61682.14590681414,7197.1358210266835,60,min system voltage limit
30.0,60000.0,40.40264148764133,206.7714900813542,290.1754007595197,60000.0,6858.264299973996,60,
30.1,60000.0,40.09016187544566,202.48678870279355,290.0,58721.16872381013,6629.701034770089,60,min system voltage limit
30.2,60000.0,39.78523347291827,197.59360483774705,290.0,57302.14540294665,6362.319925486072,60,min system voltage limit
30.3,60000.0,39.487815767201774,192.72667330428774,290.0,55890.73525824345,6086.433895657041,60,min system voltage limit
30.4,60000.0,39.19776758376449,187.95122286736427,290.0,54505.854631535636,5815.123721014968,60,min system voltage limit
30.5,60000.0,38.91488048038742,183.31084298834142,290.0,53160.144466619015,5556.180087314768,60,min system voltage limit
30.6,60000.0,38.63895229500666,178.80146412672408,290.0,51852.42459674998,5309.059363299743,60,min system voltage limit
30.7,60000.0,38.36978693332882,174.41915436724554,290.0,50581.554766501205,5073.239021644768,60,min system voltage limit
30.8,60000.0,38.107194165131006,170.1601137921821,290.0,49346.43299973281,4848.217123815338,60,min system voltage limit
30.9,60000.0,37.85098942879551,166.02066914540657,290.0,48145.99405216791,4633.511781191847,60,min system voltage limit
31.0,60000.0,37.600993643657624,161.99726876934363,290.0,46979.20794310966,4428.660598321469,60,min system voltage limit
31.1,60000.0,37.357033029772694,158.08647779743387,290.0,45845.078561255825,4233.220103392173,60,min system voltage limit
31.2,60000.0,37.11893893473254,154.28497358602468,290.0,44742.64233994715,4046.7651703750385,60,min system voltage limit
31.3,60000.0,36.88654766718501,150.58954137080042,290.0,43670.96699753212,3868.888436674185,60,min system voltage limit
31.4,60000.0,36.659700336731355,146.9970701339744,290.0,42629.150338852574,3699.1997196069406,60,min system voltage limit
31.5,60000.0,36.43824269989576,143.50454866946245,290.0,41616.31911414411,3537.32543457692,60,min system voltage limit
31.6,60000.0,36.22202501188005,140.10906183418035,290.0,40631.6279319123,3382.9080173797283,60,min system voltage limit
31.7,60000.0,36.01090188383304,136.80778697446056,290.0,39674.25822259356,3235.6053527333092,60,min system voltage limit
31.8,60000.0,35.80473214538033,133.59799051735436,290.0,38743.41725003276,3095.09021079132,60,min system voltage limit
31.9,60000.0,35.603378712174624,130.4770247173037,290.0,37838.33716801807,2961.0496931197545,60,min system voltage limit
32.0,60000.0,35.40670845824047,127.44232454932661,290.0,36958.27411930472,2833.1846893704965,60,min system voltage limit
32.1,60000.0,35.214592092900254,124.49140474046014,290.0,36102.50737473344,2711.209345654854,60,min system voltage limit
32.2,60000.0,35.026904042079614,121.62185693177241,290.0,35270.338510214,2594.850545438837,60,min system voltage limit
32.3,0.0,35.026904042079614,7.25860479573039e-14,318.8991602164568,2.314762973701567e-11,9.267640398461945e-28,60,
32.4,0.0,35.026904042079614,0.0,318.99391848454223,0.0,0.0,60,
32.5,0.0,35.026904042079614,-7.25860479573039e-14,319.08844361507147,-2.3161369070865037e-11,9.267640398462603e-28,60,
32.6,0.0,35.026904042079614,2.41953493191013e-14,319.182736181642,7.72273779854138e-12,1.0297378220514005e-28,60,
32.7,0.0,35.026904042079614,4.83906986382026e-14,319.2767967564404,1.5450027254011568e-11,4.118951288205602e-28,60,
32.8,0.0,35.026904042079614,9.67813972764052e-14,319.37062591024517,3.0909135424633624e-11,1.6475805152821238e-27,60,
32.9,0.0,35.026904042079614,4.83906986382026e-14,319.4642242124307,1.5459096999550918e-11,4.118951288205602e-28,60,
33.0,0.0,35.026904042079614,4.83906986382026e-14,319.5575922309705,1.5463615143198526e-11,4.118951288205602e-28,60,
33.1,0.0,35.026904042079614,0.0,319.65073053244055,0.0,0.0,60,
33.2,0.0,35.026904042079614,-2.41953493191013e-14,319.743639682023,-7.736309054667406e-12,1.0297378220514005e-28,60,
33.3,0.0,35.026904042079614,0.0,319.83632024350936,0.0,0.0,60,
33.4,0.0,35.026904042079614,-7.25860479573039e-14,319.9287727793041,-2.3222365243879948e-11,9.267640398462603e-28,60,
33.5,0.0,35.026904042079614,-7.25860479573039e-14,320.02099785042793,-2.3229059497315408e-11,9.267640398462603e-28,60,
33.6,0.0,35.026904042079614,2.41953493191013e-14,320.1129960165212,7.745245760203814e-12,1.0297378220514005e-28,60,
33.7,0.0,35.026904042079614,7.25860479573039e-14,320.2047678358476,2.324239863429019e-11,9.267640398462603e-28,60,
33.8,-55000.0,35.26520806514179,-154.42100694430326,356.1691578648841,-54999.999999999905,2979.841715411273,60,
33.9,-55000.0,35.50284425303951,-153.98824975772123,357.17010932025465,-54999.99999999997,2961.306443915168,60,
34.0,-55000.0,35.73981986883585,-153.56019903602922,358.1657248770276,-55000.000000000044,2943.0243969518892,60,
34.1,-55000.0,35.97614205443117,-153.1367762657637,359.15605213309,-54999.99999999996,2924.990498526318,60,
34.2,-55000.0,36.21181783327103,-152.71790468822303,360.14113808255655,-55000.000000000044,2907.1998045767155,60,
34.3,-55000.0,36.44685411297844,-152.3035092504153,361.1210291259259,-54999.99999999994,2889.6474987830948,60,
34.4,-50000.0,36.661696305303956,-139.21774062692842,359.1496297443048,-50000.0,2412.9307342568727,60,
34.5,-50000.0,36.875999224433535,-138.8682915959678,360.05339610192027,-49999.99999999996,2399.471079817717,60,
34.6,-50000.0,37.08976827031906,-138.5223417338175,360.9526042815481,-50000.00000000001,2386.179470042382,60,
34.7,-50000.0,37.30300876010403,-138.17983738065593,361.8472922519126,-49999.99999999996,2373.052817839973,60,
34.8,-50000.0,37.515725929823965,-137.8407259785254,362.73749753603096,-50000.00000000007,2360.0881097189213,60,
34.9,-50000.0,37.727924936063175,-137.50495604300139,363.6232572181892,-50000.000000000095,2347.282403640421,60,
35.0,-50000.0,37.939610857568944,-137.1724771357375,364.5046079507849,-50000.0,2334.632826943319,60,
35.1,-50000.0,38.15078869682489,-136.84323983784984,365.381585961036,-50000.0,2322.136574343227,60,
35.2,-50000.0,38.36146338158432,-136.5171957241109,366.2542270575614,-50000.000000000065,2309.7909059971994,60,
35.3,-45000.0,38.552147959263394,-123.56360633604505,364.1849030985498,-44999.99999999992,1891.195520341953,60,
35.4,-45000.0,38.74241580676941,-123.29356518389663,364.9825514647171,-45000.00000000001,1881.9857958173338,60,
35.5,-45000.0,38.9322706952935,-123.02596776360838,365.77643580472807,-45000.000000000044,1872.8789486911248,60,
35.6,-45000.0,39.12171634386065,-122.76078027150956,366.56658503207376,-45000.00000000003,1863.873281311939,60,
35.7,-45000.0,39.310756420294645,-122.49796952922995,367.3530277517157,-45000.00000000003,1854.9671324135595,60,
35.8,-5000.0,39.33324650557979,-14.573575264774963,343.08671064987897,-5000.000000000081,26.24172317069266,60,
35.9,-5000.0,39.355725008173316,-14.566069680605047,343.26349589399456,-5000.000000000009,26.21313236976758,60,
36.0,-5000.0,39.378191977338474,-14.558596019021362,343.4397103585621,-5000.000000000012,26.1846743573929,60,
36.1,-5000.0,39.40064746205589,-14.551154096887032,343.61535632899785,-4999.9999999999945,26.15634826933498,60,
36.2,-5000.0,39.42309151102559,-14.543743732362783,343.790436081049,-5000.000000000025,26.128153248373955,60,
36.3,-5000.0,39.44552417266895,-14.536364744894572,343.96495188083776,-4999.999999999968,26.100088444230522,60,
36.4,-5000.0,39.46794549513068,-14.529016955203828,344.138905984906,-4999.999999999995,26.07215301351171,60,
36.5,0.0,39.46794549513068,-2.4562698016620272e-14,340.93349405300927,-8.37424645817527e-12,9.934668288299092e-29,60,
36.6,0.0,39.46794549513068,7.368809404986082e-14,340.99407199266545,2.5127203247440542e-11,8.941201459469184e-28,60,
36.7,0.0,39.46794549513068,-7.368809404986082e-14,341.0544944555293,-2.513165566356678e-11,8.941201459469184e-28,60,
36.8,0.0,39.46794549513068,0.0,341.11476184064094,0.0,0.0,60,
36.9,0.0,39.46794549513068,2.4562698016620272e-14,341.17487454601644,8.380175414332108e-12,9.934668288299092e-29,60,
37.0,0.0,39.46794549513068,0.0,341.23483296865027,0.0,0.0,60,
37.1,0.0,39.46794549513068,7.368809404986082e-14,341.2946375045181,2.5149351347146085e-11,8.941201459469184e-28,60,
37.2,0.0,39.46794549513068,8.596944305817095e-14,341.3542885485792,2.9346038072039536e-11,1.2169968653166386e-27,60,
37.3,0.0,39.46794549513068,7.368809404986082e-14,341.4137864947791,2.5158131209146385e-11,8.941201459468547e-28,60,
37.4,0.0,39.46794549513068,7.368809404986082e-14,341.4731317360525,2.516250424686675e-11,8.941201459469184e-28,60,
37.5,0.0,39.46794549513068,2.4562698016620272e-14,341.53232466432536,8.388955353644135e-12,9.934668288299092e-29,60,
37.6,0.0,39.46794549513068,6.140674504155068e-14,341.59136567051775,2.0976013900124592e-11,6.209167680186932e-28,60,
37.7,0.0,39.46794549513068,-4.9125396033240545e-14,341.6502551445466,-1.678370408883353e-11,3.973867315319637e-28,60,
37.8,0.0,39.46794549513068,3.684404702493041e-14,341.70899347532793,1.2589942224446621e-11,2.2353003648671368e-28,60,
37.9,0.0,39.46794549513068,-8.596944305817095e-14,341.76758105077965,-2.938156859827382e-11,1.2169968653166386e-27,60,
38.0,0.0,39.46794549513068,-3.684404702493041e-14,341.82601825782405,-1.259425389103599e-11,2.235300364867296e-28,60,
38.1,0.0,39.46794549513068,-3.684404702493041e-14,341.8843054823904,-1.2596401428278866e-11,2.235300364867296e-28,60,
38.2,0.0,39.46794549513068,-7.368809404986082e-14,341.94244310941735,-2.519708690748593e-11,8.941201459469184e-28,60,
38.3,0.0,39.46794549513068,9.825079206648109e-14,342.0004315228557,3.36018132841989e-11,1.589546926127742e-27,60,
38.4,0.0,39.46794549513068,-3.684404702493041e-14,342.0582711056708,-1.2602811025883731e-11,2.235300364867296e-28,60,
38.5,0.0,39.46794549513068,-1.2281349008310136e-14,342.11596223984503,-4.201645533581389e-12,2.483667072074773e-29,60,
38.6,0.0,39.46794549513068,7.368809404986082e-14,342.1735053063804,2.521411344038711e-11,8.941201459469184e-28,60,
38.7,0.0,39.46794549513068,-8.596944305817095e-14,342.23090068530115,-2.942139992921155e-11,1.2169968653166386e-27,60,
38.8,0.0,39.46794549513068,2.4562698016620272e-14,342.288148755656,8.407520432553176e-12,9.934668288298387e-29,60,
38.9,0.0,39.46794549513068,-1.2281349008310136e-14,342.345249895521,-4.2044614953040424e-12,2.483667072074773e-29,60,
39.0,0.0,39.46794549513068,-7.368809404986082e-14,342.4022044820018,-2.5230965846749426e-11,8.941201459469184e-28,60,
39.1,0.0,39.46794549513068,-6.140674504155068e-14,342.4590128912361,-2.1029293291793253e-11,6.209167680186932e-28,60,
39.2,0.0,39.46794549513068,-2.4562698016620272e-14,342.5156754983963,-8.413109103225812e-12,9.934668288299092e-29,60,
39.3,0.0,39.46794549513068,-8.596944305817095e-14,342.5721926776918,-2.9450740611717595e-11,1.216996865316552e-27,60,
39.4,0.0,39.46794549513068,6.140674504155068e-14,342.6285648023717,2.1039704922771665e-11,6.209167680186932e-28,60,
39.5,0.0,39.46794549513068,9.825079206648109e-14,342.6847922447271,3.366905226718195e-11,1.5895469261278548e-27,60,
39.6,0.0,39.46794549513068,0.0,342.7408753760935,0.0,0.0,60,
39.7,0.0,39.46794549513068,-4.9125396033240545e-14,342.7968145668535,-1.684002927453e-11,3.973867315319637e-28,60,
39.8,0.0,39.46794549513068,8.596944305817095e-14,342.85261018643894,2.9474847948768346e-11,1.216996865316552e-27,60,
39.9,0.0,39.46794549513068,8.596944305817095e-14,342.9082626033336,2.947963235605362e-11,1.2169968653166386e-27,60,
40.0,0.0,39.46794549513068,-6.140674504155068e-14,342.96377218507547,-2.10602889170574e-11,6.209167680186932e-28,60,
40.1,0.0,39.46794549513068,-2.4562698016620272e-14,343.01913929825923,-8.425475532504145e-12,9.934668288299092e-29,60,
40.2,0.0,39.46794549513068,1.2281349008310136e-14,343.0743643085387,4.213416003877302e-12,2.483667072074773e-29,60,
40.3,0.0,39.46794549513068,2.4562698016620272e-14,343.1294475806292,8.42818500153273e-12,9.934668288298387e-29,60,
40.4,0.0,39.46794549513068,-8.596944305817095e-14,343.18438947831004,-2.9503370829708737e-11,1.2169968653166386e-27,60,
40.5,0.0,39.46794549513068,1.2281349008310136e-14,343.2391903644268,4.215440290195327e-12,2.483667072074773e-29,60,
40.6,0.0,39.46794549513068,-2.4562698016620272e-14,343.29385060089385,-8.432223183272512e-12,9.934668288299092e-29,60,
40.7,0.0,39.46794549513068,-2.4562698016620272e-14,343.34837054869666,-8.433562340286274e-12,9.934668288299092e-29,60,
40.8,0.0,39.46794549513068,2.4562698016620272e-14,343.40275056789426,8.434898060275962e-12,9.934668288298387e-29,60,
40.9,0.0,39.46794549513068,6.140674504155068e-14,343.4569910176214,2.109057588015724e-11,6.209167680186932e-28,60,
41.0,0.0,39.46794549513068,-9.825079206648109e-14,343.51109225609144,-3.3750236897783044e-11,1.5895469261278548e-27,60,
41.1,0.0,39.46794549513068,-3.684404702493041e-14,343.5650546405979,-1.2658327029300975e-11,2.235300364867296e-28,60,
41.2,0.0,39.46794549513068,1.2281349008310136e-14,343.6188785275176,4.220103373040569e-12,2.483667072074773e-29,60,
41.3,0.0,39.46794549513068,8.596944305817095e-14,343.6725642723127,2.954533894486418e-11,1.216996865316552e-27,60,
41.4,0.0,39.46794549513068,8.596944305817095e-14,343.7261122295329,2.9549942432923304e-11,1.2169968653166386e-27,60,
41.5,0.0,39.46794549513068,-2.4562698016620272e-14,343.779522752818,-8.444152601675307e-12,9.934668288299092e-29,60,
41.6,0.0,39.46794549513068,1.2281349008310136e-14,343.83279619490014,4.222730570572738e-12,2.483667072074773e-29,60,
41.7,0.0,39.46794549513068,-8.596944305817095e-14,343.8859329076062,-2.956368212760645e-11,1.2169968653166386e-27,60,
41.8,0.0,39.46794549513068,-8.596944305817095e-14,343.93893324186007,-2.956823853682415e-11,1.216996865316552e-27,60,
41.9,0.0,39.46794549513068,-3.684404702493041e-14,343.9917975476849,-1.2674049965037244e-11,2.235300364867296e-28,60,
42.0,0.0,39.46794549513068,6.140674504155068e-14,344.04452617420554,2.112665450172055e-11,6.209167680186932e-28,60,
42.1,0.0,39.46794549513068,-6.140674504155068e-14,344.0971194696508,-2.112988408480485e-11,6.209167680186932e-28,60,
42.2,0.0,39.46794549513068,7.368809404986082e-14,344.14957778135573,2.5359726454772434e-11,8.941201459469184e-28,60,
42.3,0.0,39.46794549513068,3.684404702493041e-14,344.20190145576396,1.268179104330663e-11,2.2353003648671368e-28,60,
42.4,0.0,39.46794549513068,0.0,344.2540908384299,0.0,0.0,60,
42.5,0.0,39.46794549513068,8.596944305817095e-14,344.30614627402093,2.959980763668272e-11,1.2169968653166386e-27,60,
42.6,0.0,39.46794549513068,-3.684404702493041e-14,344.3580681063202,-1.2687544854723452e-11,2.235300364867296e-28,60,
42.7,0.0,39.46794549513068,-7.368809404986082e-14,344.40985667822827,-2.537890591060437e-11,8.941201459469184e-28,60,
42.8,0.0,39.46794549513068,-7.368809404986082e-14,344.4615123317655,-2.5382712317260428e-11,8.941201459468547e-28,60,
42.9,0.0,39.46794549513068,-6.140674504155068e-14,344.5130354080747,-2.1155424128794363e-11,6.209167680186932e-28,60,
43.0,0.0,39.46794549513068,0.0,344.564426247423,0.0,0.0,60,
43.1,0.0,39.46794549513068,6.140674504155068e-14,344.6156851892042,2.1161727517732755e-11,6.209167680186932e-28,60,
43.2,0.0,39.46794549513068,-1.2281349008310136e-14,344.66681257194114,-4.232973416777825e-12,2.483667072074773e-29,60,
43.3,0.0,39.46794549513068,2.4562698016620272e-14,344.7178087332876,8.46719943686681e-12,9.934668288298387e-29,60,
43.4,0.0,39.46794549513068,4.9125396033240545e-14,344.76867401003096,1.6936897650597977e-11,3.973867315319637e-28,60,
43.5,0.0,39.46794549513068,-8.596944305817095e-14,344.8194087380942,-2.964393252486176e-11,1.2169968653166386e-27,60,
43.6,0.0,39.46794549513068,-4.9125396033240545e-14,344.87001325253783,-1.6941875981019836e-11,3.973867315319637e-28,60,
43.7,0.0,39.46794549513068,3.684404702493041e-14,344.9204878875629,1.2708266675591307e-11,2.235300364867296e-28,60,
43.8,0.0,39.46794549513068,-2.4562698016620272e-14,344.9708329765124,-8.473414394944024e-12,9.934668288298387e-29,60,
43.9,0.0,39.46794549513068,2.4562698016620272e-14,345.02104885187373,8.474647832326165e-12,9.934668288299092e-29,60,
44.0,0.0,39.46794549513068,6.140674504155068e-14,345.07113584528116,2.118969526004948e-11,6.209167680186932e-28,60,
44.1,0.0,39.46794549513068,3.684404702493041e-14,345.12109428751774,1.2715657827224745e-11,2.235300364867296e-28,60,
44.2,0.0,39.46794549513068,9.825079206648109e-14,345.1709245085174,3.391331673128138e-11,1.5895469261278548e-27,60,
44.3,0.0,39.46794549513068,3.684404702493041e-14,345.2206268373673,1.2719325009171915e-11,2.2353003648671368e-28,60,
44.4,0.0,39.46794549513068,9.825079206648109e-14,345.2702016023103,3.3923070784380594e-11,1.5895469261278548e-27,60,
44.5,0.0,39.46794549513068,4.9125396033240545e-14,345.3196491307463,1.6963964521607583e-11,3.973867315319637e-28,60,
44.6,0.0,39.46794549513068,-9.825079206648109e-14,345.3689697492354,-3.3932774833046924e-11,1.5895469261278548e-27,60,
44.7,0.0,39.46794549513068,-8.596944305817095e-14,345.41816378349915,-2.96954071626435e-11,1.2169968653166386e-27,60,
44.8,0.0,39.46794549513068,9.825079206648109e-14,345.46723155842335,3.3942429133629523e-11,1.589546926127742e-27,60,
44.9,0.0,39.46794549513068,-3.684404702493041e-14,345.51617339805995,-1.273021414055213e-11,2.235300364867296e-28,60,
45.0,0.0,39.46794549513068,2.4562698016620272e-14,345.5649896256291,8.488008485290845e-12,9.934668288299092e-29,60,
45.1,0.0,39.46794549513068,2.4562698016620272e-14,345.61368056352154,8.489204466094443e-12,9.934668288299092e-29,60,
45.2,0.0,39.46794549513068,1.2281349008310136e-14,345.6622465333004,4.245198688672003e-12,2.483667072074773e-29,60,
45.3,0.0,39.46794549513068,-4.9125396033240545e-14,345.71068785570367,-1.6983174453835444e-11,3.973867315319355e-28,60,
45.4,0.0,39.46794549513068,-8.596944305817095e-14,345.75900485064597,-2.972470907935746e-11,1.2169968653166386e-27,60,
45.5,0.0,39.46794549513068,-8.596944305817095e-14,345.80719783722094,-2.972885220357262e-11,1.2169968653166386e-27,60,
45.6,-50000.0,39.672758979780745,-132.71913805323845,376.7354183685487,-49999.99999999996,2175.4325938654,60,
45.7,-45000.0,39.85810172648794,-120.10209986625719,374.68120915546854,-45000.00000000008,1780.5041239366135,60,
45.8,-45000.0,40.04307622705807,-119.86347636945494,375.4271222811575,-44999.99999999999,1772.5609293598231,60,
45.9,-50000.0,40.246653908884305,-131.9183378233959,379.02236205353734,-50000.00000000001,2145.749457723499,60,
46.0,0.0,40.246653908884305,-7.38830176675022e-14,349.16652366520145,-2.5797476436856407e-11,8.86084103167109e-28,60,
46.1,0.0,40.246653908884305,-4.925534511166814e-14,349.20965478253004,-1.720044206264001e-11,3.938151569631597e-28,60,
46.2,0.0,40.246653908884305,-7.38830176675022e-14,349.2526737542022,-2.5803841465404103e-11,8.86084103167109e-28,60,
46.3,0.0,40.246653908884305,3.69415088337511e-14,349.29558087180885,1.2903505786366149e-11,2.215210257917615e-28,60,
46.4,0.0,40.246653908884305,3.69415088337511e-14,349.33837642618295,1.2905086718716105e-11,2.2152102579177726e-28,60,
46.5,0.0,40.246653908884305,8.619685394541924e-14,349.38106070740116,3.011554826109151e-11,1.2060589181996766e-27,60,
46.6,0.0,40.246653908884305,2.462767255583407e-14,349.42363400478604,8.605490841539478e-12,9.845378924078992e-29,60,
46.7,0.0,40.246653908884305,-6.156918138958518e-14,349.4660966069077,-2.1516341491500996e-11,6.15336182754937e-28,60,
46.8,0.0,40.246653908884305,6.156918138958518e-14,349.5084488015859,2.1518949081457387e-11,6.1533618275489335e-28,60,
46.9,0.0,40.246653908884305,8.619685394541924e-14,349.5506908758924,3.0130169847949694e-11,1.2060589181996766e-27,60,
47.0,0.0,40.246653908884305,2.462767255583407e-14,349.5928231161522,8.609657575574217e-12,9.845378924078992e-29,60,
47.1,0.0,40.246653908884305,2.462767255583407e-14,349.6348458079459,8.610692496667626e-12,9.845378924078992e-29,60,
47.2,0.0,40.246653908884305,3.69415088337511e-14,349.6767592361116,1.2917587090278274e-11,2.2152102579177726e-28,60,
47.3,0.0,40.246653908884305,-2.462767255583407e-14,349.7185636847467,-8.612754273124547e-12,9.845378924078295e-29,60,
47.4,0.0,40.246653908884305,-8.619685394541924e-14,349.7602594372101,-3.0148233998621144e-11,1.2060589181996766e-27,60,
47.5,0.0,40.246653908884305,8.619685394541924e-14,349.8018467761237,3.015181869639946e-11,1.2060589181996766e-27,60,
47.6,0.0,40.246653908884305,-2.462767255583407e-14,349.84332598337477,-8.61582687816247e-12,9.845378924078992e-29,60,
47.7,0.0,40.246653908884305,3.69415088337511e-14,349.8846973401175,1.292526863758428e-11,2.2152102579177726e-28,60,
47.8,0.0,40.246653908884305,1.2313836277917035e-14,349.92596112677506,4.308930994707869e-12,2.4613447310195737e-29,60,
47.9,0.0,40.246653908884305,-1.2313836277917035e-14,349.96711762304164,-4.3094377890646685e-12,2.461344731019748e-29,60,
48.0,0.0,40.246653908884305,-9.851069022333628e-14,350.008167107884,-3.447954612560248e-11,1.5752606278526387e-27,60,
48.1,0.0,40.246653908884305,-9.851069022333628e-14,350.0491098595436,-3.448357942432811e-11,1.5752606278526387e-27,60,
48.2,0.0,40.246653908884305,-1.2313836277917035e-14,350.0899461555384,-4.310950279504091e-12,2.461344731019748e-29,60,
48.3,0.0,40.246653908884305,1.2313836277917035e-14,350.1306762726651,4.311451823497969e-12,2.4613447310195737e-29,60,
48.4,0.0,40.246653908884305,4.925534511166814e-14,350.1713004870003,1.7247808253688846e-11,3.938151569631597e-28,60,
48.5,0.0,40.246653908884305,-2.462767255583407e-14,350.2118190739029,-8.624902005335086e-12,9.845378924078992e-29,60,
48.6,0.0,40.246653908884305,-6.156918138958518e-14,350.2522323080159,-2.1564743223079356e-11,6.15336182754937e-28,60,
48.7,0.0,40.246653908884305,8.619685394541924e-14,350.29254046326815,3.019411494848219e-11,1.2060589181996766e-27,60,
48.8,0.0,40.246653908884305,8.619685394541924e-14,350.3327438128763,3.019758035073647e-11,1.2060589181995909e-27,60,
48.9,0.0,40.246653908884305,-4.925534511166814e-14,350.37284262934656,-1.7257735281464655e-11,3.938151569631597e-28,60,
49.0,0.0,40.246653908884305,-6.156918138958518e-14,350.41283718447653,-2.1574631533850212e-11,6.15336182754937e-28,60,
49.1,0.0,40.246653908884305,-7.38830176675022e-14,350.4527277493573,-2.5892505075930103e-11,8.86084103167109e-28,60,
49.2,0.0,40.246653908884305,4.925534511166814e-14,350.4925145943748,1.7263629765402313e-11,3.938151569631597e-28,60,
49.3,0.0,40.246653908884305,8.619685394541924e-14,350.5321979892123,3.0214772673242915e-11,1.2060589181995909e-27,60,
49.4,0.0,40.246653908884305,-1.2313836277917035e-14,350.57177820285165,-4.316883480448159e-12,2.461344731019748e-29,60,
49.5,0.0,40.246653908884305,8.619685394541924e-14,350.61125550357514,3.022158718226174e-11,1.2060589181996766e-27,60,
49.6,0.0,40.246653908884305,-2.462767255583407e-14,350.65063015896783,-8.635708901051935e-12,9.845378924078992e-29,60,
49.7,0.0,40.246653908884305,2.462767255583407e-14,350.6899024359189,8.636676085829208e-12,9.845378924078992e-29,60,
49.8,0.0,40.246653908884305,8.619685394541924e-14,350.7290726006235,3.0231742645368284e-11,1.2060589181995909e-27,60,
49.9,0.0,40.246653908884305,-8.619685394541924e-14,350.76814091858483,-3.023511021146549e-11,1.2060589181996766e-27,60,
50.0,0.0,40.246653908884305,8.619685394541924e-14,350.8071076546155,3.023846902151986e-11,1.2060589181996766e-27,60,
50.1,0.0,40.246653908884305,-6.156918138958518e-14,350.8459730728398,-2.1601299355927192e-11,6.15336182754937e-28,60,
50.2,0.0,40.246653908884305,4.925534511166814e-14,350.8847374366952,1.7282948836861485e-11,3.938151569631597e-28,60,
50.3,0.0,40.246653908884305,-2.462767255583407e-14,350.92340100893415,-8.642426612227682e-12,9.845378924078295e-29,60,
50.4,0.0,40.246653908884305,4.925534511166814e-14,350.961964051626,1.7286752660431708e-11,3.938151569631597e-28,60,
50.5,0.0,40.246653908884305,-7.38830176675022e-14,351.0004268261587,-2.5932970736497897e-11,8.86084103167109e-28,60,
50.6,0.0,40.246653908884305,7.38830176675022e-14,351.03878959324027,2.593580509349596e-11,8.86084103167109e-28,60,
50.7,0.0,40.246653908884305,-7.38830176675022e-14,351.0770526129014,-2.5938632080853598e-11,8.86084103167109e-28,60,
50.8,0.0,40.246653908884305,-6.156918138958518e-14,351.11521614449623,-2.1617876431443895e-11,6.1533618275489335e-28,60,
50.9,0.0,40.246653908884305,7.38830176675022e-14,351.1532804467046,2.5944264023245235e-11,8.86084103167109e-28,60,
51.0,0.0,40.246653908884305,7.38830176675022e-14,351.19124577753405,2.594706901645366e-11,8.86084103167109e-28,60,
51.1,-35000.0,40.39143789463458,-93.82002276617321,373.0546952352611,-35000.0,1084.2075912341722,60,
51.2,-50000.0,40.593292111479094,-130.80153251524493,382.2585182186037,-50000.00000000004,2105.855876322996,60,
51.3,-50000.0,40.79474826872362,-130.54358989446007,383.0138273386167,-49999.99999999991,2095.4137730550365,60,
51.4,-50000.0,40.99580947645604,-130.28766261060247,383.76619088975207,-50000.00000000008,2085.0737005470864,60,
51.5,-50000.0,41.19647881051887,-130.03372847270833,384.5156221179498,-50000.00000000001,2074.8342403826973,60,
51.6,-50000.0,41.39675931300991,-129.78176561419505,385.26213419407526,-50000.00000000004,2064.6939992211464,60,
51.7,-50000.0,41.59665399277369,-129.53175248693157,386.0057402145038,-49999.99999999991,2054.6516082594258,60,
51.8,-50000.0,41.79616582588393,-129.2836678554436,386.7464532017035,-49999.9999999999,2044.7057227086334,60,
51.9,-60000.0,42.03178697498482,-152.68250461737296,392.9723326871128,-59999.99999999992,2848.919675218593,60,
52.0,-60000.0,42.266898864682275,-152.35250452394843,393.82352254385546,-60000.000000000044,2833.2080984495196,60,
52.1,-60000.0,42.50150575047436,-152.02526199326684,394.67124879980406,-60000.000000000015,2817.662205615057,60,
52.2,-60000.0,42.73561183780512,-151.70074459033788,395.515527376136,-59999.99999999999,2802.2795186804515,60,
52.3,-60000.0,42.96922128284738,-151.3789203873943,396.35637410052783,-60000.00000000007,2787.0576066604012,60,
52.4,-60000.0,43.20233819327023,-151.0597579540042,397.193804707864,-59999.99999999995,2771.994084539726,60,
52.5,-60000.0,43.43496662899155,-150.74322634741506,398.02783484094397,-59999.999999999956,2757.086612220123,60,
52.6,-30000.0,43.55609700114662,-78.49248115647745,382.2022129762212,-30000.000000000022,746.6403335450761,60,
52.7,-30000.0,43.67708122482853,-78.39777694587211,382.6639117677112,-29999.99999999991,744.3755413960843,60,
52.8,0.0,43.67708122482853,9.030710287255282e-14,365.0000952806346,3.296210115299985e-11,1.211077099672061e-27,60,
52.9,0.0,43.67708122482853,3.4254418330968315e-14,365.0170129164523,1.2503445458360622e-11,1.7424533776495817e-28,60,
53.0,0.0,43.67708122482853,8.407902681237677e-14,365.03388147792816,3.0691693508208686e-11,1.049792158931029e-27,60,
53.1,0.0,43.67708122482853,-5.6052684541584517e-14,365.05070110741616,-2.0462071790858255e-11,4.665742928582351e-28,60,
53.2,0.0,43.67708122482853,8.407902681237677e-14,365.06747194685704,3.0694517762146396e-11,1.049792158931029e-27,60,
53.3,0.0,43.67708122482853,1.8684228180528172e-14,365.08419413778023,6.821316388374532e-12,5.184158809535577e-29,60,
53.4,0.0,43.67708122482853,-6.228076060176057e-15,365.10086782130423,-2.2738759744273678e-12,5.76017645503994e-30,60,
53.5,0.0,43.67708122482853,4.982460848140846e-14,365.11749313813834,1.819183614532108e-11,3.6865129312255618e-28,60,
53.6,0.0,43.67708122482853,4.0482494391144374e-14,365.13407022858377,1.4781537950044358e-11,2.4336745522543747e-28,60,
53.7,0.0,43.67708122482853,9.030710287255282e-14,365.1505992325346,3.297569272886681e-11,1.2110770996721471e-27,60,
53.8,0.0,43.67708122482853,0.0,365.16708028947926,0.0,0.0,60,
53.9,0.0,43.67708122482853,4.35965324212324e-14,365.1835135385014,1.5920734887680837e-11,2.82248646296957e-28,60,
54.0,0.0,43.67708122482853,-2.8026342270792258e-14,365.19989911828134,-1.0235217369947756e-11,1.1664357321455878e-28,60,
54.1,0.0,43.67708122482853,-3.7368456361056344e-14,365.216237167097,-1.3647567020927869e-11,2.0736635238143783e-28,60,
54.2,0.0,43.67708122482853,-1.2456152120352114e-14,365.2325278228254,-4.549391925861849e-12,2.304070582015976e-29,60,
54.3,0.0,43.67708122482853,-3.7368456361056344e-14,365.2487712229433,-1.3648782768374007e-11,2.073663523814231e-28,60,
54.4,0.0,43.67708122482853,6.53947986318486e-14,365.26496750452884,2.3886428997227385e-11,6.350594541681533e-28,60,
54.5,0.0,43.67708122482853,6.850883666193663e-14,365.28111680426264,2.5024984366833023e-11,6.969813510598327e-28,60,
54.6,0.0,43.67708122482853,1.8684228180528172e-14,365.2972192584287,6.825296598336912e-12,5.184158809535946e-29,60,
54.7,0.0,43.67708122482853,-6.53947986318486e-14,365.31327500291565,-2.38895880563568e-11,6.350594541681533e-28,60,
54.8,0.0,43.67708122482853,7.473691272211269e-14,365.329284173218,2.73035828260857e-11,8.294654095256923e-28,60,
54.9,0.0,43.67708122482853,-9.342114090264086e-15,365.3452469044373,-3.4130969789169554e-12,1.2960397023839865e-29,60,
55.0,0.0,43.67708122482853,3.1140380300880286e-15,365.3611633312831,1.1377485573308192e-12,1.440044113759985e-30,60,
55.1,0.0,43.67708122482853,-1.5570190150440142e-14,365.3770335880741,-5.688989889570068e-12,3.6001102843999623e-29,60,
55.2,0.0,43.67708122482853,3.1140380300880286e-15,365.39285780873956,1.1378472551389624e-12,1.440044113759985e-30,60,
55.3,0.0,43.67708122482853,-8.096498878228875e-14,365.4086361268202,-2.958530612495943e-11,9.734698209016808e-28,60,
55.4,0.0,43.67708122482853,-3.1140380300880285e-14,365.4243686754693,-1.1379453811763198e-11,1.440044113759985e-28,60,
55.5,0.0,43.67708122482853,-4.0482494391144374e-14,365.4400555874538,-1.4793925000618588e-11,2.4336745522543747e-28,60,
55.6,-30000.0,43.79778308827619,-78.21480751408228,383.5590849545796,-29999.999999999975,740.4436027218007,60,
55.7,-30000.0,43.918341463583346,-78.12182719903625,384.01559558466295,-30000.000000000025,738.2249120452574,60,
55.8,-30000.0,44.03875717667077,-78.02938208065832,384.47055711641144,-30000.000000000036,736.0211406858523,60,
55.9,-30000.0,44.15903104685904,-77.9374678819983,384.9239757881499,-30000.000000000025,733.8321425044466,60,
56.0,-30000.0,44.27916388693715,-77.84608037061236,385.37585781037353,-30000.00000000002,731.6577731805777,60,
56.1,-30000.0,44.39915650323033,-77.75521535798019,385.82620936591684,-30000.00000000002,729.497890185385,60,
56.2,0.0,44.39915650323033,5.618937819576737e-14,368.31814733249047,2.0695567676829673e-11,4.59665256116074e-28,60,
56.3,0.0,44.39915650323033,4.370284970781907e-14,368.3287976276248,1.6097018085781792e-11,2.7806910555167934e-28,60,
56.4,0.0,44.39915650323033,2.1851424853909535e-14,368.33941626361315,8.048741075217246e-12,6.951727638792478e-29,60,
56.5,0.0,44.39915650323033,6.867590668371568e-14,368.35000333456577,2.5296770455950997e-11,6.866604443215425e-28,60,
56.6,0.0,44.39915650323033,6.55542745617286e-14,368.36055893431313,2.4147609218091773e-11,6.256554874913229e-28,60,
56.7,0.0,44.39915650323033,5.618937819576737e-14,368.3710831564067,2.0698542107859808e-11,4.59665256116074e-28,60,
56.8,0.0,44.39915650323033,-4.058121758583199e-14,368.3815760941201,-1.4949372894087213e-11,2.397636675420092e-28,60,
56.9,0.0,44.39915650323033,7.804080304967691e-14,368.39203784044923,2.874961047017562e-11,8.866999539276117e-28,60,
57.0,0.0,44.39915650323033,1.2486528487948306e-14,368.40246848811404,4.600067917807314e-12,2.269951882054687e-29,60,
57.1,0.0,44.39915650323033,-5.931101031775446e-14,368.4128681295586,-2.1850939422825762e-11,5.121578933885888e-28,60,
57.2,0.0,44.39915650323033,-9.36489636596123e-14,368.4232368569522,-3.450245431977345e-11,1.2768479336557612e-27,60,
57.3,0.0,44.39915650323033,8.116243517166399e-14,368.4335747621901,2.990296612670067e-11,9.590546701680367e-28,60,
57.4,0.0,44.39915650323033,2.8094689097883687e-14,368.4438819368947,1.0351316313034419e-11,1.149163140290185e-28,60,
57.5,0.0,44.39915650323033,-2.8094689097883687e-14,368.4541584724156,-1.0351605029104882e-11,1.149163140290185e-28,60,
57.6,0.0,44.39915650323033,3.1216321219870765e-15,368.46440445983114,1.1502103207706471e-12,1.4187199262841794e-30,60,
57.7,0.0,44.39915650323033,-7.179753880570275e-14,368.4746199899489,-2.6455570827644932e-11,7.505028410043306e-28,60,
57.8,0.0,44.39915650323033,9.052733153762522e-14,368.4848051533063,3.335794612269059e-11,1.19314345800491e-27,60,
57.9,0.0,44.39915650323033,-3.433795334185784e-14,368.494960040172,-1.2653362744569193e-11,1.7166511108038563e-28,60,
58.0,0.0,44.39915650323033,-1.2486528487948306e-14,368.50508474054595,-4.601349238566632e-12,2.269951882054687e-29,60,
58.1,0.0,44.39915650323033,-9.36489636596123e-14,368.51517934416086,-3.4511064638416826e-11,1.2768479336557612e-27,60,
58.2,0.0,44.39915650323033,-1.8729792731922458e-14,368.5252439404825,-6.9024014354864e-12,5.107391734623044e-29,60,
58.3,0.0,44.39915650323033,-4.9946113951793225e-14,368.53527861871083,-1.8406905021145998e-11,3.6319230112872405e-28,60,
58.4,0.0,44.39915650323033,-1.2486528487948306e-14,368.54528346778056,-4.601851181119426e-12,2.269951882054687e-29,60,
58.5,0.0,44.39915650323033,5.618937819576737e-14,368.555258576362,2.0708890810186042e-11,4.59665256116074e-28,60,
58.6,0.0,44.39915650323033,3.7459585463844915e-14,368.56520403286214,1.3806299759468438e-11,2.042956693849218e-28,60,
58.7,0.0,44.39915650323033,6.55542745617286e-14,368.57511992542476,2.416167460821334e-11,6.256554874913229e-28,60,
58.8,0.0,44.39915650323033,4.9946113951793225e-14,368.585006341932,1.8409388727676565e-11,3.6319230112872405e-28,60,
58.9,0.0,44.39915650323033,-2.1851424853909535e-14,368.59486337000453,-8.054322958466706e-12,6.951727638792478e-29,60,
59.0,0.0,44.39915650323033,2.4973056975896612e-14,368.6046910970026,9.205185952348217e-12,9.079807528218748e-29,60,
59.1,0.0,44.39915650323033,2.6533873036890148e-14,368.61448961002685,9.780770066870514e-12,1.0250251467403192e-28,60,
59.2,0.0,44.39915650323033,-2.965550515887723e-14,368.6242589959189,-1.0931738614340769e-11,1.280394733471472e-28,60,
59.3,0.0,44.39915650323033,6.711509062272214e-14,368.6339993412623,2.4740904272405315e-11,6.558032859248151e-28,60,
59.4,0.0,44.39915650323033,-1.5608160609935383e-15,368.64371073238334,-5.753850244953599e-13,3.5467998157104484e-31,60,
59.5,0.0,44.39915650323033,-6.243264243974153e-15,368.6533932553513,-2.3016005485308773e-12,5.6748797051367175e-30,60,
59.6,0.0,44.39915650323033,3.7459585463844915e-14,368.6630469959801,1.380996491630739e-11,2.042956693849218e-28,60,
59.7,0.0,44.39915650323033,-7.647998698868337e-14,368.67267203982817,-2.8196081160689188e-11,8.515866357520784e-28,60,
59.8,0.0,44.39915650323033,7.335835486669629e-14,368.6822684721998,2.7045924683642225e-11,7.834880792903821e-28,60,
59.9,0.0,44.39915650323033,-6.711509062272214e-14,368.69183637814575,-2.4744786010377094e-11,6.5580328592486175e-28,60,
60.0,0.0,44.39915650323033,7.804080304967692e-15,368.70137584246385,2.8773751456266626e-12,8.866999539276122e-30,60,
60.1,-50000.0,44.59313730224999,-125.69955776473775,397.77387358499,-49999.99999999994,1905.2989265335468,60,
60.2,-50000.0,44.78678020125584,-125.48059855578796,398.46797493375175,-49999.99999999988,1896.7626284960304,60,
60.3,-50000.0,44.98008766955269,-125.26323945636389,399.15940396398406,-50000.00000000002,1888.3027206820352,60,
60.4,-50000.0,45.173062151245496,-125.04746413694016,399.84817241271406,-49999.99999999993,1879.9182227826684,60,
60.5,-50000.0,45.36570606558007,-124.83325648879985,400.53429195357114,-49999.999999999985,1871.6081704868984,60,
60.6,-50000.0,45.558021807278045,-124.62060062028912,401.2177741972755,-50000.000000000015,1863.3716151658466,60,
60.7,-50000.0,45.75001174686624,-124.40948085315243,401.898630692124,-49999.999999999985,1855.2076235625682,60,
60.8,-50000.0,45.9416782310004,-124.19988171894006,402.57687292447076,-50000.00000000004,1847.1152774896248,60,
60.9,-40000.0,46.09683586226122,-100.54214505701236,397.84311322697613,-40000.00000000003,1209.2449950644461,60,
61.0,-40000.0,46.25177807842141,-100.40255607179769,398.39623177916036,-40000.00000000006,1204.9143993513983,60,
61.1,-40000.0,46.40650625098766,-100.26385582293238,398.94735417557325,-40000.00000000002,1200.6165193281006,60,
61.2,-40000.0,46.56102173934746,-100.12603645714663,399.49648877911744,-39999.99999999998,1196.3509963354543,60,
61.3,-40000.0,46.71532589090967,-99.98909021231535,400.0436439121971,-40000.00000000004,1192.1174767138123,60,
61.4,-20000.0,46.794583739900986,-51.35908614637283,389.415028589103,-19999.999999999978,314.26632593553467,60,
61.5,-20000.0,46.87378382505484,-51.321655179699285,389.69904477888315,-20000.000000000033,313.67825548834844,60,
61.6,-20000.0,46.95292640473831,-51.28439163488145,389.98220242895354,-20000.00000000007,313.0930374219389,60,
61.7,-20000.0,47.03201173571552,-51.247294473238576,390.2645048012051,-19999.999999999985,312.51065081899696,60,
61.8,-20000.0,47.11104007316022,-51.21036266416356,390.5459551450459,-19999.999999999956,311.931074954808,60,
61.9,-20000.0,47.190011670668,-51.1735951850433,390.82655669745606,-19999.99999999999,311.3542892951856,60,
62.0,-20000.0,47.268926780268586,-51.13699102118129,391.1063126830413,-20000.000000000004,310.78027349412173,60,
62.1,0.0,47.268926780268586,-4.0978382988902595e-14,379.62050856498286,-1.5556234590417846e-11,2.2505921907028442e-28,60,
62.2,0.0,47.268926780268586,5.67392995230959e-14,379.60906935757606,2.1538752687963195e-11,4.314744791643323e-28,60,
62.3,0.0,47.268926780268586,2.521746645470929e-14,379.59766783990324,9.57249145503864e-12,8.522952674850402e-29,60,
62.4,0.0,47.268926780268586,8.510894928464386e-14,379.58630388778477,3.2306191486730884e-11,9.708175781197477e-28,60,
62.5,0.0,47.268926780268586,-4.0978382988902595e-14,379.5749773774503,-1.5554368795977197e-11,2.2505921907028442e-28,60,
62.6,0.0,47.268926780268586,-3.1521833068386613e-15,379.5636881855371,-1.1964543217805649e-12,1.3317113554454698e-30,60,
62.7,0.0,47.268926780268586,1.8913099841031968e-14,379.55243618908906,7.178513120551156e-12,4.794160879603692e-29,60,
62.8,0.0,47.268926780268586,5.043493290941858e-14,379.541221265555,1.914213603088706e-11,3.4091810699401606e-28,60,
62.9,0.0,47.268926780268586,5.043493290941858e-14,379.53004329278775,1.914157227058048e-11,3.409181069940403e-28,60,
63.0,0.0,47.268926780268586,4.728274960257992e-14,379.51890214904233,1.7944697219759198e-11,2.9963505497523077e-28,60,
63.1,0.0,47.268926780268586,-7.880458267096654e-14,379.50779771297516,-2.9906953619148594e-11,8.323195971534189e-28,60,
63.2,0.0,47.268926780268586,-1.8913099841031968e-14,379.4967298636422,-7.177459541256203e-12,4.794160879603692e-29,60,
63.3,0.0,47.268926780268586,-4.0978382988902595e-14,379.48569848049806,-1.555071029114506e-11,2.250592190702684e-28,60,
63.4,0.0,47.268926780268586,5.043493290941858e-14,379.4747034433944,1.913878120898911e-11,3.409181069940403e-28,60,
63.5,0.0,47.268926780268586,-7.25002160572892e-14,379.46374463257894,-2.751120347176999e-11,7.0447530703065365e-28,60,
63.6,0.0,47.268926780268586,3.7826199682063936e-14,379.4528219286937,1.4353258212197417e-11,1.9176643518414769e-28,60,
63.7,0.0,47.268926780268586,4.0978382988902595e-14,379.4419352127742,1.5548916943199426e-11,2.2505921907028442e-28,60,
63.8,0.0,47.268926780268586,-7.407630771070854e-14,379.4310843662478,-2.8106853760521985e-11,7.354375960447086e-28,60,
63.9,0.0,47.268926780268586,-7.092412440386988e-14,379.42026927093247,-2.6910050379121422e-11,6.741788736942691e-28,60,
64.0,0.0,47.268926780268586,3.4674016375225276e-14,379.40948980903573,1.3155650862554372e-11,1.611370740089019e-28,60,
64.1,0.0,47.268926780268586,-4.4130566295741255e-14,379.39874586315307,-1.6743081506834965e-11,2.6101542566729358e-28,60,
64.2,0.0,47.268926780268586,9.929377416541783e-14,379.3880373162668,3.767087009834251e-11,1.3213905924408616e-27,60,
64.3,0.0,47.268926780268586,-8.668504093806318e-14,379.3773640517449,-3.288634233380001e-11,1.0071067125555652e-27,60,
64.4,0.0,47.268926780268586,-3.7826199682063936e-14,379.36672595333954,-1.4350001528641848e-11,1.9176643518416132e-28,60,
64.5,0.0,47.268926780268586,5.989148282993457e-14,379.3561229051858,2.2720200721406484e-11,4.807477993157805e-28,60,
64.6,0.0,47.268926780268586,-1.8913099841031968e-14,379.3455547918008,-7.1746003520289916e-12,4.7941608796033514e-29,60,
64.7,0.0,47.268926780268586,7.880458267096654e-14,379.33502149808186,2.989333806163846e-11,8.323195971534779e-28,60,
64.8,0.0,47.268926780268586,-4.4130566295741255e-14,379.3245229093057,-1.6739806005849537e-11,2.6101542566729358e-28,60,
64.9,0.0,47.268926780268586,-1.5760916534193306e-15,379.3140589111269,-5.978337222744354e-13,3.3292783886139115e-31,60,
65.0,0.0,47.268926780268586,1.7337008187612638e-14,379.30362938957694,6.575990128318285e-12,4.028426850222261e-29,60,
65.1,0.0,47.268926780268586,4.4130566295741255e-14,379.2932342310627,1.6738425218760027e-11,2.6101542566729358e-28,60,
65.2,0.0,47.268926780268586,1.8913099841031968e-14,379.28287332236533,7.173414851139376e-12,4.794160879604033e-29,60,
65.3,0.0,47.268926780268586,-2.364137480128996e-14,379.2725465506391,-8.966524424843353e-12,7.490876374380237e-29,60,
65.4,0.0,47.268926780268586,4.0978382988902595e-14,379.26225380341,1.5541553889590514e-11,2.250592190703004e-28,60,
65.5,0.0,47.268926780268586,-2.679355810812862e-14,379.2519949685745,-1.0161510364814204e-11,9.621614543092837e-29,60,
65.6,0.0,47.268926780268586,4.255447464232193e-14,379.24176993439863,1.6138434281982652e-11,2.4270439452991966e-28,60,
65.7,0.0,47.268926780268586,1.5760916534193306e-15,379.2315785895165,5.97703725727974e-13,3.3292783886139115e-31,60,
65.8,0.0,47.268926780268586,-3.940229133548327e-14,379.2214208229291,-1.4942192903920954e-11,2.080798992883399e-28,60,
65.9,0.0,47.268926780268586,6.777194109703121e-14,379.21129652400305,2.569988565135357e-11,6.155835740547122e-28,60,
66.0,0.0,47.268926780268586,-6.304366613677322e-14,379.20120558246975,-2.390623420340313e-11,5.326845421781501e-28,60,
66.1,0.0,47.268926780268586,1.5760916534193305e-14,379.1911478884236,5.976400032374394e-12,3.329278388613438e-29,60,
66.2,0.0,47.268926780268586,2.994574141496728e-14,379.18112333232136,1.1354859868746513e-11,1.2018694982896221e-28,60,
66.3,0.0,47.268926780268586,-4.728274960257992e-14,379.1711318049806,-1.7928253681661725e-11,2.9963505497520947e-28,60,
66.4,0.0,47.268926780268586,-3.4674016375225276e-14,379.1611731975786,-1.3147040728302467e-11,1.6113707400891335e-28,60,
66.5,0.0,47.268926780268586,-2.836964976154795e-14,379.15124740165123,-1.0756388095438862e-11,1.078686197910754e-28,60,
66.6,0.0,47.268926780268586,3.7826199682063936e-14,379.1413543090917,1.4341476575823855e-11,1.9176643518413406e-28,60,
66.7,0.0,47.268926780268586,-5.989148282993457e-14,379.13149381214953,-2.2706747351937796e-11,4.807477993158489e-28,60,
66.8,0.0,47.268926780268586,6.3043666136773226e-15,379.1216658034291,2.3901219724128697e-12,5.326845421781501e-30,60,
66.9,0.0,47.268926780268586,-5.358711621625724e-14,379.11187017588867,-2.0315511846077974e-11,3.8486458172376814e-28,60,
67.0,0.0,47.268926780268586,8.038067432438586e-14,379.1021068228392,3.0472482984215175e-11,8.659453088783553e-28,60,
67.1,0.0,47.268926780268586,2.521746645470929e-14,379.0923756379432,9.559749265885885e-12,8.522952674850402e-29,60,
67.2,0.0,47.268926780268586,-4.728274960257992e-14,379.08267651521345,-1.792407127234464e-11,2.9963505497525203e-28,60,
67.3,0.0,47.268926780268586,9.614159085857917e-14,379.073009349012,3.644468217036307e-11,1.2388244884030604e-27,60,
67.4,0.0,47.268926780268586,6.619584944361189e-14,379.06337403404905,2.509242203714545e-11,5.87284707751494e-28,60,
67.5,0.0,47.268926780268586,-3.940229133548327e-14,379.0537704653815,-1.4935587095690364e-11,2.080798992883399e-28,60,
67.6,0.0,47.268926780268586,-5.67392995230959e-14,379.0441985384121,-2.1506702313362794e-11,4.314744791643016e-28,60,
67.7,0.0,47.268926780268586,-4.4130566295741255e-14,379.03465814888835,-1.672701410982314e-11,2.6101542566733066e-28,60,
67.8,0.0,47.268926780268586,-7.72284910175472e-14,379.02514919290104,-2.9271540329868445e-11,7.993597411060864e-28,60,
67.9,0.0,47.268926780268586,-4.255447464232193e-14,379.01567156688344,-1.6128812784735558e-11,2.4270439452995415e-28,60,
68.0,0.0,47.268926780268586,-7.565239936412787e-14,379.00622516761,-2.8672730307870603e-11,7.670657407365362e-28,60,
68.1,0.0,47.268926780268586,-8.510894928464386e-14,378.9968098921954,-3.225602027215667e-11,9.708175781196787e-28,60,
68.2,0.0,47.268926780268586,4.4130566295741255e-14,378.98742563809304,1.6724929712374173e-11,2.6101542566733066e-28,60,
68.3,0.0,47.268926780268586,-8.510894928464386e-14,378.9780723030945,-3.2254425535636166e-11,9.708175781196787e-28,60,
68.4,0.0,47.268926780268586,-7.565239936412787e-14,378.9687497853279,-2.8669895205283872e-11,7.670657407366453e-28,60,
68.5,0.0,47.268926780268586,8.826113259148251e-14,378.95945798325704,3.344739096785659e-11,1.0440617026691743e-27,60,
68.6,0.0,47.268926780268586,-3.1521833068386613e-15,378.95019679568037,-1.1945204844625693e-12,1.3317113554453753e-30,60,
68.7,0.0,47.268926780268586,-9.77176825119985e-14,378.9409661217297,-3.702923301827316e-11,1.2797746125831874e-27,60,
68.8,0.0,47.268926780268586,5.358711621625724e-14,378.931765860869,2.0305860575217967e-11,3.848645817237135e-28,60,
68.9,0.0,47.268926780268586,5.989148282993457e-14,378.9225959128939,2.2694236146991317e-11,4.807477993158489e-28,60,
69.0,0.0,47.268926780268586,2.994574141496728e-14,378.91345617792985,1.1346844377355825e-11,1.2018694982894513e-28,60,
69.1,0.0,47.268926780268586,-1.7337008187612638e-14,378.90434655643145,-6.5690677585708686e-12,4.028426850222261e-29,60,
69.2,0.0,47.268926780268586,4.728274960257992e-15,378.8952669491813,1.7915210032760813e-12,2.9963505497525206e-30,60,
69.3,0.0,47.268926780268586,7.72284910175472e-14,378.8862172572889,2.926081082612697e-11,7.993597411060864e-28,60,
69.4,0.0,47.268926780268586,-9.141331589832118e-14,378.8771973821896,-3.463442093096868e-11,1.1199692499297199e-27,60,
69.5,0.0,47.268926780268586,-4.4130566295741255e-14,378.86820722564335,-1.671966853631989e-11,2.6101542566729358e-28,60,
69.6,0.0,47.268926780268586,9.456549920515984e-14,378.859246689734,3.5827013791705494e-11,1.1985402199008379e-27,60,
69.7,0.0,47.268926780268586,6.461975779019256e-14,378.85031567686787,2.4481215637777193e-11,5.596516971259985e-28,60,
69.8,0.0,47.268926780268586,-2.364137480128996e-14,378.8414140897729,-8.956331860747013e-12,7.490876374380237e-29,60,
69.9,0.0,47.268926780268586,1.5760916534193305e-14,378.83254183149745,5.970748072242525e-12,3.329278388613911e-29,60,
70.0,0.0,47.268926780268586,-8.038067432438586e-14,378.82369880540944,-3.045010436003686e-11,8.659453088783553e-28,60,
70.1,0.0,47.268926780268586,-4.570665794916059e-14,378.8148849151949,-1.7314362370869446e-11,2.799923124823902e-28,60,
70.2,0.0,47.268926780268586,1.4184824880773975e-14,378.8061000648575,5.373298193188947e-12,2.6967154947772683e-29,60,
70.3,0.0,47.268926780268586,-3.1521833068386613e-15,378.79734415871707,-1.1940386649319272e-12,1.3317113554453753e-30,60,
70.4,0.0,47.268926780268586,-1.5760916534193306e-15,378.7886171014087,-5.97005577823781e-13,3.3292783886139115e-31,60,
70.5,0.0,47.268926780268586,5.5163207869676573e-14,378.77991879788163,2.0894715397506758e-11,4.078366026051461e-28,60,
70.6,0.0,47.268926780268586,-1.1032641573935314e-14,378.7712491533984,-4.1788474304211946e-12,1.6313464104205849e-29,60,
70.7,0.0,47.268926780268586,-6.3043666136773226e-15,378.76260807353356,-2.3878583408481336e-12,5.3268454217822584e-30,60,
70.8,0.0,47.268926780268586,6.934803275045055e-14,378.75399546417276,2.626584448181345e-11,6.445482960355617e-28,60,
70.9,0.0,47.268926780268586,9.141331589832118e-14,378.7454112315119,3.4622373921945763e-11,1.1199692499297199e-27,60,
71.0,0.0,47.268926780268586,3.152183306838661e-14,378.73685528205584,1.1938479929046661e-11,1.3317113554453752e-28,60,
71.1,0.0,47.268926780268586,7.72284910175472e-14,378.7283275226174,2.9248617240171134e-11,7.993597411060864e-28,60,
71.2,0.0,47.268926780268586,6.934803275045055e-14,378.7198278603166,2.626347502570223e-11,6.445482960356534e-28,60,
71.3,0.0,47.268926780268586,3.4674016375225276e-14,378.7113562025794,1.313144376645201e-11,1.6113707400889043e-28,60,
71.4,40000.0,47.09366286220275,113.57101890665811,352.202528295315,40000.00000000001,1728.710291842879,60,
71.5,40000.0,46.91802252268853,113.81494000522088,351.4477097485196,40000.000000000044,1745.2933589594086,60,
71.6,40000.0,46.74200402251422,114.05998811295686,350.6926544686892,39999.99999999998,1762.0254480043454,60,
71.7,40000.0,46.5656055943991,114.30618141859004,349.9373306288638,40000.00000000003,1778.9084950298802,60,
71.8,40000.0,46.38882544273057,114.55353828121605,349.1817066514741,39999.99999999999,1795.9444704277719,60,
71.9,40000.0,46.21166174329138,114.80207723658678,348.4257511958344,39999.99999999995,1813.1353797028037,60,
72.0,40000.0,46.03411264297739,115.05181700347654,347.6694331458609,40000.000000000015,1830.4832642609479,60,
72.1,40000.0,45.85617625950497,115.30277649013665,346.9127215980068,39999.99999999998,1847.9902022269473,60,
72.2,40000.0,45.67785068110858,115.55497480084803,346.1555858493984,40000.000000000015,1865.6583092781539,60,
72.3,40000.0,45.49913396622808,115.8084312425693,345.39799538616535,40000.0,1883.4897395040136,60,
72.4,40000.0,45.32002414318533,116.06316533169341,344.63991987195243,39999.999999999985,1901.4866862923877,60,
72.5,40000.0,45.140519209850595,116.31919680091339,343.8813291366012,39999.999999999985,1919.6513832340024,60,
72.6,40000.0,44.960617133297816,116.57654560620483,343.1221931649943,39999.999999999985,1937.9861050605775,60,
72.7,40000.0,44.78031584944914,116.83523193393138,342.3624820860491,39999.99999999998,1956.4931686027987,60,
72.8,40000.0,44.59961326270829,117.09527620807792,341.6021661618539,40000.000000000015,1975.1749337783242,60,
72.9,40000.0,44.41850724558232,117.35669909761768,340.84121577693526,39999.99999999997,1994.0338046109507,60,
73.0,40000.0,44.23699563829217,117.61952152402242,340.0796014276463,40000.00000000001,2013.0722302721924,60,
73.1,40000.0,44.055076248371016,117.88376466891582,339.31729371167074,39999.999999999985,2032.2927061614366,60,
73.2,30000.0,43.921260334118905,86.71271243536009,345.9700331985749,30000.00000000001,1105.1354799784474,60,
73.3,30000.0,43.78723562574014,86.84801102944479,345.43105414157196,29999.99999999998,1112.6544117548883,60,
73.4,30000.0,43.65300144875499,86.98374668636835,344.8920188293225,29999.999999999975,1120.221715035664,60,
73.5,30000.0,43.51855712059388,87.11992464840388,344.35291491668664,29999.999999999975,1127.8378411627864,60,
73.6,30000.0,43.383901950547475,87.25655019007631,343.81373014001986,29999.999999999996,1135.503247171149,60,
73.7,0.0,43.383901950547475,-7.777412973088852e-14,363.9368507915207,-2.830487184731075e-11,9.053989384428481e-28,60,
73.8,0.0,43.383901950547475,5.910833859547527e-14,363.95541146890736,2.15127996947597e-11,5.229584268445147e-28,60,
73.9,0.0,43.383901950547475,-4.977544302776865e-14,363.9739188298645,-1.8116963060309612e-11,3.708514051861906e-28,60,
74.0,0.0,43.383901950547475,-8.710702529859514e-14,363.9923730275461,-3.170629284580614e-11,1.1357324283825473e-27,60,
74.1,0.0,43.383901950547475,4.355351264929757e-14,364.0107742146661,1.5853947859239063e-11,2.839331070956368e-28,60,
74.2,0.0,43.383901950547475,6.84412341631819e-14,364.0291225435,2.4914602418217324e-11,7.011409379301416e-28,60,
74.3,0.0,43.383901950547475,6.533026897394635e-14,364.0474181658858,2.3783315748048045e-11,6.388494909651828e-28,60,
74.4,0.0,43.383901950547475,-3.110965189235541e-14,364.0656612332251,-1.1325955986925825e-11,1.4486383015085572e-28,60,
74.5,0.0,43.383901950547475,-2.7998686703119866e-14,364.0838518964849,-1.0193869702914773e-11,1.1733970242217645e-28,60,
74.6,-55000.0,43.59810518096724,-138.80369331201516,396.2430587229852,-55000.00000000005,2335.4547548567634,60,
74.7,-55000.0,43.811893128388164,-138.5345899287471,397.012760699608,-55000.0,2323.844777115423,60,
74.8,-55000.0,44.02526903592368,-138.26758808302384,397.77941282214914,-55000.00000000001,2312.3474922406076,60,
74.9,-55000.0,44.23823611118949,-138.00266477223494,398.5430287942204,-54999.99999999997,2300.9613401948704,60,
75.0,-55000.0,44.450797526819336,-137.73979732814786,399.3036222419387,-54999.99999999995,2289.684788384179,60,
75.1,-55000.0,44.66295642097184,-137.47896341083086,400.0612067145324,-55000.00000000004,2278.5163310776848,60,
75.2,-50000.0,44.856764985493705,-125.5879498101584,398.12736871316963,-49999.99999999998,1899.3228709276857,60,
75.3,-50000.0,45.05023653137823,-125.36956173317922,398.8208884897729,-49999.99999999998,1890.82380574191,60,
75.4,-50000.0,45.24337351974588,-125.15276846222683,399.51173764958133,-49999.99999999996,1882.4007144554091,60,
75.5,-50000.0,45.43617838662539,-124.93755373793327,400.19992791662213,-50000.0,1874.0526230667024,60,
75.6,-50000.0,45.628653543292906,-124.7239015205588,400.8854709516788,-50000.00000000002,1865.7785734555273,60,
75.7,-50000.0,45.820801376605075,-124.5117959862739,401.5683783527793,-50000.0000000001,1857.5776230658971,60,
75.8,-50000.0,46.01262424932654,-124.30122152351493,402.2486616556794,-50000.000000000015,1849.4488445991033,60,
75.9,-50000.0,46.2041245004522,-124.0921627294163,402.9263323343423,-50000.00000000008,1841.3913257165239,60,
76.0,-50000.0,46.395304445523664,-123.8846044063096,403.60140180141303,-50000.000000000065,1833.404168742611,60,
76.1,-45000.0,46.56822646221854,-112.05346681828144,401.5940004156868,-45000.000000000065,1498.444211098217,60,
76.2,-45000.0,46.740885871989825,-111.88329753178003,402.20480619296995,-44999.99999999998,1492.5468614062381,60,
76.3,-45000.0,46.91328444472481,-111.71427513227523,402.8133373887786,-45000.00000000002,1486.6971966374658,60,
76.4,-45000.0,47.08542393374308,-111.54638888383295,403.41960372078097,-45000.000000000015,1480.894659549171,60,
76.5,-45000.0,47.25730607600089,-111.37962818306568,404.0236148574431,-45000.00000000014,1475.1387011776671,60,
76.6,-5000.0,47.27750337525408,-13.087849916067988,382.0337207459496,-5000.000000000018,20.350091578110327,60,
76.7,-5000.0,47.297697207951074,-13.085603587653713,382.0993022222946,-5000.000000000039,20.34095033676444,60,
76.8,-5000.0,47.31788758322657,-13.083363178524184,382.16473331622063,-4999.999999999955,20.331830542228328,60,
76.9,-5000.0,47.33807451017734,-13.081128664097392,382.23001457994104,-5000.000000000031,20.322732101096307,60,
77.0,-5000.0,47.358257997862374,-13.078900019901804,382.29514656367235,-4999.999999999977,20.31365492040367,60,
77.1,-5000.0,47.37843805530308,-13.076677221578517,382.3601298156414,-5000.000000000003,20.304598907675793,60,
77.2,-5000.0,47.398614691483445,-13.074460244878612,382.42496488209224,-5000.000000000015,20.29556397089011,60,
77.3,0.0,47.398614691483445,-4.2573304023849474e-14,379.4806505309351,-1.6155745106221676e-11,2.4197194484047605e-28,60,
77.4,0.0,47.398614691483445,7.883945189601754e-14,379.47025392709355,2.991722683045465e-11,8.298077669427653e-28,60,
77.5,0.0,47.398614691483445,-3.1535780758407015e-15,379.45989174552716,-1.1966563952695805e-12,1.3276924271082357e-30,60,
77.6,0.0,47.398614691483445,2.8382202682566315e-14,379.4495638722667,1.0769614429634066e-11,1.0754308659576711e-28,60,
77.7,0.0,47.398614691483445,7.253229574433614e-14,379.4392701937203,2.7521601362705986e-11,7.023492939403566e-28,60,
77.8,0.0,47.398614691483445,-7.253229574433614e-14,379.42901059667213,-2.7520857210578673e-11,7.0234929394025675e-28,60,
77.9,0.0,47.398614691483445,2.6805413644645965e-14,379.4187849682812,1.017047747562376e-11,9.592577785858371e-29,60,
78.0,0.0,47.398614691483445,-1.0091449842690245e-13,379.4085931960803,-3.828782788123912e-11,1.3595570453588334e-27,60,
78.1,0.0,47.398614691483445,-6.307156151681403e-15,379.39843516797424,-2.3929251743079867e-12,5.310769708432943e-30,60,
78.2,0.0,47.398614691483445,-2.8382202682566315e-14,379.3883107722393,-1.0767875931734153e-11,1.075430865957824e-28,60,
78.3,0.0,47.398614691483445,-8.041624093393789e-14,379.3782198975216,-3.0508170336367565e-11,8.633320007271303e-28,60,
78.4,0.0,47.398614691483445,-3.626614787216807e-14,379.3681624328358,-1.3758221876781897e-11,1.7558732348508914e-28,60,
78.5,0.0,47.398614691483445,3.153578075840702e-14,379.35813826756413,1.1963355077323359e-11,1.327692427108236e-28,60,
78.6,0.0,47.398614691483445,-6.307156151681404e-14,379.34814729145506,-2.392608000818244e-11,5.310769708432944e-28,60,
78.7,0.0,47.398614691483445,-7.883945189601755e-15,379.3381893946221,-2.99068149350997e-12,8.298077669427655e-30,60,
78.8,0.0,47.398614691483445,7.883945189601754e-14,379.3282644675425,2.9906032459288636e-11,8.298077669426475e-28,60,
78.9,0.0,47.398614691483445,-4.7303671137610524e-14,379.3183724010563,-1.7943151544513246e-11,2.9873079609939555e-28,60,
79.0,0.0,47.398614691483445,-8.987697516146e-14,379.3085130863648,-3.4091101809193536e-11,1.0784181739186649e-27,60,
79.1,0.0,47.398614691483445,-6.307156151681404e-14,379.2986864150296,-2.3922960433472296e-11,5.310769708432944e-28,60,
79.2,0.0,47.398614691483445,7.883945189601755e-15,379.2888922789712,2.990292837752173e-12,8.298077669427655e-30,60,
79.3,0.0,47.398614691483445,4.8880460175530874e-14,379.2791305704682,1.8539338437259747e-11,3.189781056127537e-28,60,
79.4,0.0,47.398614691483445,-7.253229574433614e-14,379.2694011821557,-2.7509280373321388e-11,7.023492939403566e-28,60,
79.5,0.0,47.398614691483445,-3.1535780758407015e-15,379.2597040070242,-1.1960250876063853e-12,1.3276924271082357e-30,60,
79.6,0.0,47.398614691483445,-7.568587382017684e-14,379.2500389384187,-2.870387059339031e-11,7.647508380143438e-28,60,
79.7,0.0,47.398614691483445,9.30305532373007e-14,379.240405870037,3.5280944768028005e-11,1.1554243346911066e-27,60,
79.8,0.0,47.398614691483445,2.2075046530884912e-14,379.2308046959293,8.371537659607567e-12,6.505692892830357e-29,60,
79.9,0.0,47.398614691483445,6.307156151681404e-14,379.22123531049624,2.3918075471368174e-11,5.310769708433699e-28,60,
80.0,0.0,47.398614691483445,3.1535780758407015e-15,379.21169760848824,1.1958736956804622e-12,1.3276924271082357e-30,60,
80.1,0.0,47.398614691483445,4.730367113761052e-15,379.20219148500416,1.793765576066785e-12,2.9873079609935305e-30,60,
80.2,0.0,47.398614691483445,5.518761632721228e-14,379.19271683549016,2.092674217079028e-11,4.066058058019551e-28,60,
80.3,0.0,47.398614691483445,-9.93377093889821e-14,379.1832735557386,-3.766719783364286e-11,1.317402810798147e-27,60,
80.4,0.0,47.398614691483445,4.730367113761052e-15,379.1738615418869,1.7936315650355283e-12,2.9873079609939554e-30,60,
80.5,0.0,47.398614691483445,3.153578075840702e-14,379.1644806904162,1.1957247934428218e-11,1.327692427108236e-28,60,
80.6,0.0,47.398614691483445,7.883945189601754e-14,379.15513089815056,2.9892382703572976e-11,8.298077669426475e-28,60,
80.7,0.0,47.398614691483445,-1.5767890379203508e-15,379.1458120622557,-5.978329602331742e-13,3.3192310677710614e-31,60,
80.8,0.0,47.398614691483445,2.5228624606725612e-14,379.13652408023745,9.565093040719097e-12,8.497231533492709e-29,60,
80.9,0.0,47.398614691483445,-1.576789037920351e-14,379.12726684994146,-5.978037183456914e-12,3.319231067771062e-29,60,
81.0,0.0,47.398614691483445,9.460734227522105e-14,379.1180402695512,3.5867350198492467e-11,1.1949231843974125e-27,60,
81.1,0.0,47.398614691483445,4.4150093061769824e-14,379.1088442375876,1.6737690753629496e-11,2.6022771571321426e-28,60,
81.2,0.0,47.398614691483445,2.0498257492964562e-14,379.09967865290736,7.770882828527416e-12,5.609500504533095e-29,60,
81.3,0.0,47.398614691483445,-7.883945189601755e-15,379.090543414702,-2.988729066177855e-12,8.298077669426475e-30,60,
81.4,0.0,47.398614691483445,1.734467941712386e-14,379.08143842249694,6.5750460224203885e-12,4.016269592002985e-29,60,
81.5,0.0,47.398614691483445,-9.145376419938035e-14,379.07236357615034,-3.466759455299503e-11,1.1165893311980264e-27,60,
81.6,0.0,47.398614691483445,4.730367113761052e-15,379.0633187758517,1.7931086571704114e-12,2.9873079609935305e-30,60,
81.7,0.0,47.398614691483445,5.361082728929193e-14,379.05430392212116,2.032141482083161e-11,3.8370311143433483e-28,60,
81.8,0.0,47.398614691483445,-6.307156151681403e-15,379.04531891580814,-2.3906980149658787e-12,5.310769708432943e-30,60,
81.9,0.0,47.398614691483445,-6.622513959265474e-14,379.0363636580904,-2.5101736093949283e-11,5.855123603548154e-28,60,
82.0,0.0,47.398614691483445,9.460734227522105e-14,379.0274380504728,3.585877856334122e-11,1.1949231843974125e-27,60,
82.1,0.0,47.398614691483445,4.2573304023849474e-14,379.01854199478646,1.6136071619020203e-11,2.4197194484047605e-28,60,
82.2,0.0,47.398614691483445,8.67233970856193e-14,379.00967539318736,3.286900657841506e-11,1.0040673980007463e-27,60,
82.3,0.0,47.398614691483445,9.61841313131414e-14,379.00083814815554,3.645386638423284e-11,1.2350858803174367e-27,60,
82.4,0.0,47.398614691483445,-2.3651835568805262e-14,378.9920301624939,-8.96385717929099e-12,7.468269902484889e-29,60,
82.5,0.0,47.398614691483445,9.145376419938035e-14,378.98325133932707,3.465944490350131e-11,1.1165893311980264e-27,60,
82.6,0.0,47.398614691483445,-4.4150093061769824e-14,378.97450158210063,-1.673175951288758e-11,2.6022771571321426e-28,60,
82.7,0.0,47.398614691483445,-7.883945189601754e-14,378.9657807945796,-2.9877454445190985e-11,8.298077669427653e-28,60,
82.8,0.0,47.398614691483445,6.622513959265474e-14,378.9570888808477,2.5096486110760208e-11,5.855123603547321e-28,60,
82.9,0.0,47.398614691483445,-6.307156151681404e-14,378.9484257453065,-2.3900868946094934e-11,5.310769708433699e-28,60,
83.0,0.0,47.398614691483445,5.991798344097334e-14,378.93979129267353,2.2705308139800303e-11,4.792969661860733e-28,60,
83.1,0.0,47.398614691483445,-9.776092035106175e-14,378.93118542798237,-3.704466143715839e-11,1.2759124224510148e-27,60,
83.2,0.0,47.398614691483445,3.153578075840702e-14,378.9226080565806,1.1949620292076119e-11,1.3276924271084249e-28,60,
83.3,0.0,47.398614691483445,7.253229574433614e-14,378.9140590841294,2.748350659517693e-11,7.0234929394025675e-28,60,
83.4,85000.0,46.983786631681916,268.8085827513639,316.210141543811,85000.0,9646.650962687161,60,
83.5,85000.0,46.5661659542431,270.6181989803736,314.09565328666065,84999.99999999997,9899.399921320144,60,
83.6,85000.0,46.145690845850076,272.46787023869786,311.963388290645,84999.99999999999,10160.13120564947,60,
83.7,85000.0,45.72229660327224,274.35946919040936,309.8125253370017,85000.00000000004,10429.244710869283,60,
83.8,85000.0,45.29591544347921,276.29499154589575,307.6422034450107,84999.99999999997,10707.169189688002,60,
83.9,85000.0,44.86647629583174,278.2765676755403,305.45151792696663,85000.00000000004,10994.365030301711,60,
84.0,85000.0,44.43390457422816,280.30647559913757,303.2395160272976,84999.99999999999,11291.327374314451,60,
84.1,85000.0,43.99812192676602,282.38715555548237,301.00519208388545,85000.00000000001,11598.589625794715,60,
84.2,85000.0,43.55904596011031,284.52122639287813,298.74748213909584,85000.0,11916.727411692202,60,
84.3,85000.0,43.11658993531823,286.71150406528074,296.4652579153103,84999.99999999999,12246.36306512671,60,
84.4,85000.0,42.670662431348696,288.9610225722368,294.15732005430255,85000.0,12588.170716587294,60,
84.5,75000.0,42.28740918752694,248.34810199650985,301.99546280830435,74999.99999999997,9409.186036604653,60,
84.6,75000.0,41.90174503757261,249.91036917041896,300.1075955710184,75000.0,9624.400337849363,60,
84.7,75000.0,41.51361898735322,251.5056805421415,298.20400015749635,74999.99999999999,9845.980415968528,60,
84.8,75000.0,41.12297785364079,253.1354546456679,296.2840590820551,74999.99999999994,10074.225647146972,60,
84.9,75000.0,40.729766128088826,254.80119815765454,294.347124512322,74999.99999999997,10309.455611459645,60,
85.0,75000.0,40.33392582938269,256.50451356159033,292.3925156661674,74999.99999999996,10552.011907132532,60,
85.1,75000.0,39.935396342254315,258.2471076592044,290.4195159427446,75000.0,10802.260171399877,60,
85.2,75000.0,39.54431530032751,253.42051516854454,290.0,73491.94939887791,10499.168504884768,60,min system voltage limit
85.3,75000.0,39.163432697361735,246.8119267218369,290.0,71575.4587493327,10018.984732901397,60,min system voltage limit
85.4,75000.0,38.79245249796808,240.39516920706782,290.0,69714.59907004966,9560.476461500579,60,min system voltage limit
85.5,75000.0,38.431088015868966,234.1641844002386,290.0,67907.6134760692,9122.744834042389,60,min system voltage limit
85.6,75000.0,38.07906156902851,228.1131375526261,290.0,66152.80989026157,8704.91928559459,60,min system voltage limit
85.7,0.0,38.07906156902851,9.778648364382422e-14,343.49121570873996,3.35887981467e-11,1.608153188599915e-27,60,
85.8,0.0,38.07906156902851,-2.4446620910956056e-14,343.5388438168059,-8.398363882977594e-12,1.0050957428748039e-28,60,
85.9,0.0,38.07906156902851,8.55631731883462e-14,343.5863513755007,2.9398338487893944e-11,1.2312422850218099e-27,60,
86.0,0.0,38.07906156902851,-6.111655227739014e-14,343.6337386899415,-2.100170935491883e-11,6.281848392967525e-28,60,
86.1,0.0,38.07906156902851,-1.2223310455478028e-14,343.68100606447297,-4.20091963477708e-12,2.5127393571870097e-29,60,
86.2,0.0,38.07906156902851,-2.4446620910956056e-14,343.72815380266985,-8.402991872436668e-12,1.0050957428749469e-28,60,
86.3,0.0,38.07906156902851,-9.778648364382422e-14,343.7751822073382,-3.361656623207057e-11,1.6081531885996862e-27,60,
86.4,0.0,38.07906156902851,2.4446620910956056e-14,343.82209158051774,8.405288333680932e-12,1.0050957428749469e-28,60,
86.5,0.0,38.07906156902851,8.55631731883462e-14,343.8688822234838,2.942251272377097e-11,1.231242285021635e-27,60,
86.6,0.0,38.07906156902851,9.778648364382422e-14,343.9155544367492,3.363029273878591e-11,1.6081531885996862e-27,60,
86.7,0.0,38.07906156902851,-4.889324182191211e-14,343.9621085200659,-1.6817422549446358e-11,4.0203829714997877e-28,60,
86.8,0.0,38.07906156902851,-7.333986273286817e-14,344.00854477242734,-2.5229539452543555e-11,9.045861685873235e-28,60,
86.9,0.0,38.07906156902851,-6.111655227739014e-14,344.0548634920702,-2.1027447050903435e-11,6.281848392968417e-28,60,
87.0,0.0,38.07906156902851,8.55631731883462e-14,344.10106497647627,2.944237901687661e-11,1.231242285021635e-27,60,
87.1,0.0,38.07906156902851,-4.889324182191211e-14,344.1471495223745,-1.68264698039192e-11,4.0203829714992155e-28,60,
87.2,0.0,38.07906156902851,7.333986273286817e-14,344.19311742574257,2.5243075985601936e-11,9.045861685874523e-28,60,
87.3,0.0,38.07906156902851,-3.6669931366434085e-14,344.23896898180925,-1.2623219366214977e-11,2.261465421468309e-28,60,
87.4,0.0,38.07906156902851,6.111655227739014e-14,344.28470448505595,2.1041494139966736e-11,6.281848392968417e-28,60,
87.5,0.0,38.07906156902851,-3.6669931366434085e-14,344.3303242292188,-1.2626569356867449e-11,2.261465421468309e-28,60,
87.6,0.0,38.07906156902851,2.4446620910956056e-14,344.37582850729035,8.41882533041414e-12,1.0050957428748039e-28,60,
87.7,0.0,38.07906156902851,-3.6669931366434085e-14,344.42121761152174,-1.262990241095816e-11,2.261465421468631e-28,60,
87.8,0.0,38.07906156902851,-8.55631731883462e-14,344.4664918334243,-2.9473646098325325e-11,1.231242285021635e-27,60,
87.9,0.0,38.07906156902851,-7.333986273286817e-14,344.51165146377156,-2.5266437228226726e-11,9.045861685874523e-28,60,
88.0,0.0,38.07906156902851,7.333986273286817e-14,344.556696792601,2.5269740846459833e-11,9.045861685873235e-28,60,
88.1,0.0,38.07906156902851,-1.2223310455478028e-14,344.6016281092161,-4.212172683842132e-12,2.5127393571870097e-29,60,
88.2,0.0,38.07906156902851,9.778648364382422e-14,344.6464457021881,3.370176402555917e-11,1.608153188599915e-27,60,
88.3,0.0,38.07906156902851,4.889324182191211e-14,344.69114985935784,1.6853067743946528e-11,4.0203829714992155e-28,60,
88.4,0.0,38.07906156902851,6.111655227739014e-14,344.7357408678376,2.1069059928634015e-11,6.281848392968417e-28,60,
88.5,0.0,38.07906156902851,-2.4446620910956056e-14,344.7802190140129,-8.428711311831976e-12,1.0050957428748039e-28,60,
88.6,0.0,38.07906156902851,1.2223310455478028e-14,344.82458458354444,4.214897950045906e-12,2.5127393571870097e-29,60,
88.7,0.0,38.07906156902851,0.0,344.86883786137,0.0,0.0,60,
88.8,0.0,38.07906156902851,4.889324182191211e-14,344.9129791317061,1.686391369620263e-11,4.0203829714992155e-28,60,
88.9,0.0,38.07906156902851,1.2223310455478028e-14,344.9570086780498,4.216516610864831e-12,2.5127393571873673e-29,60,
89.0,0.0,38.07906156902851,3.6669931366434085e-14,345.0009267831808,1.265116030649539e-11,2.261465421468309e-28,60,
89.1,0.0,38.07906156902851,4.889324182191211e-14,345.04473372916283,1.687035560559723e-11,4.0203829714992155e-28,60,
89.2,0.0,38.07906156902851,3.6669931366434085e-14,345.08842979734595,1.2654369036019184e-11,2.261465421468631e-28,60,
89.3,0.0,38.07906156902851,6.111655227739014e-14,345.1320152683679,2.109327885375022e-11,6.281848392967525e-28,60,
89.4,0.0,38.07906156902851,1.2223310455478028e-14,345.17549042215626,4.2191871810518984e-12,2.5127393571873673e-29,60,
89.5,0.0,38.07906156902851,6.111655227739014e-14,345.21885553793004,2.1098586231624696e-11,6.281848392967525e-28,60,
89.6,0.0,38.07906156902851,3.6669931366434085e-14,345.2621108942015,1.2660737909920523e-11,2.261465421468309e-28,60,
89.7,0.0,38.07906156902851,4.889324182191211e-14,345.305256768778,1.6883093421573316e-11,4.0203829714997877e-28,60,
89.8,0.0,38.07906156902851,-6.111655227739014e-14,345.3482934387638,-2.1106497029857678e-11,6.281848392967525e-28,60,
89.9,0.0,38.07906156902851,1.2223310455478028e-14,345.3912211805617,4.221824125086683e-12,2.5127393571873673e-29,60,
90.0,0.0,38.07906156902851,-7.333986273286817e-14,345.43404026987497,-2.5334085096652685e-11,9.045861685873235e-28,60,
90.1,0.0,38.07906156902851,2.4446620910956056e-14,345.476750981709,8.445739164798605e-12,1.0050957428748039e-28,60,
90.2,0.0,38.07906156902851,2.4446620910956056e-14,345.5193535903733,8.44678065462244e-12,1.0050957428749469e-28,60,
90.3,0.0,38.07906156902851,2.4446620910956056e-14,345.56184836948285,8.447819508378025e-12,1.0050957428748039e-28,60,
90.4,0.0,38.07906156902851,6.111655227739014e-14,345.6042355919603,2.1122139331843498e-11,6.281848392968417e-28,60,
90.5,0.0,38.07906156902851,0.0,345.6465155300373,0.0,0.0,60,
90.6,0.0,38.07906156902851,8.55631731883462e-14,345.6886884552567,2.957822111954938e-11,1.231242285021635e-27,60,
90.7,0.0,38.07906156902851,-1.2223310455478028e-14,345.73075463847385,-4.2259743479527665e-12,2.5127393571873673e-29,60,
90.8,0.0,38.07906156902851,8.55631731883462e-14,345.77271434985875,2.958541064172152e-11,1.231242285021635e-27,60,
90.9,0.0,38.07906156902851,-2.4446620910956056e-14,345.8145678588975,-8.453997645932555e-12,1.0050957428749469e-28,60,
91.0,0.0,38.07906156902851,0.0,345.85631543439393,0.0,0.0,60,
91.1,0.0,38.07906156902851,-2.4446620910956056e-14,345.8979573444719,-8.456036237074352e-12,1.0050957428748039e-28,60,
91.2,0.0,38.07906156902851,8.55631731883462e-14,345.93949385657623,2.959968082553906e-11,1.2312422850218099e-27,60,
91.3,0.0,38.07906156902851,-8.55631731883462e-14,345.9809252374752,-2.960322582595835e-11,1.231242285021635e-27,60,
91.4,0.0,38.07906156902851,3.6669931366434085e-14,346.02225175326157,1.2688612223051078e-11,2.261465421468631e-28,60,
91.5,0.0,38.07906156902851,6.111655227739014e-14,346.0634736693547,2.1150206379808342e-11,6.281848392967525e-28,60,
91.6,0.0,38.07906156902851,7.333986273286817e-14,346.10459125050227,2.5383263213527282e-11,9.045861685873235e-28,60,
91.7,0.0,38.07906156902851,3.6669931366434085e-14,346.1456047607818,1.2693135569370687e-11,2.261465421468631e-28,60,
91.8,0.0,38.07906156902851,-8.55631731883462e-14,346.1865144636024,-2.962081669251913e-11,1.231242285021635e-27,60,
91.9,0.0,38.07906156902851,-1.2223310455478028e-14,346.2273206217064,-4.232044028127447e-12,2.5127393571873673e-29,60,
92.0,0.0,38.07906156902851,0.0,346.2680234971712,0.0,0.0,60,
92.1,0.0,38.07906156902851,9.778648364382422e-14,346.3086233514109,3.3864302533068024e-11,1.6081531885996862e-27,60,
92.2,0.0,38.07906156902851,-2.4446620910956056e-14,346.34912044517796,-8.467065650366325e-12,1.0050957428749469e-28,60,
92.3,0.0,38.07906156902851,7.333986273286817e-14,346.38951503856475,2.5404159485033115e-11,9.045861685873235e-28,60,
92.4,0.0,38.07906156902851,2.4446620910956056e-14,346.4298073910054,8.469038173543431e-12,1.0050957428749469e-28,60,
92.5,0.0,38.07906156902851,8.55631731883462e-14,346.4699977612774,2.96450724230141e-11,1.231242285021635e-27,60,
92.6,0.0,38.07906156902851,2.4446620910956056e-14,346.51008640750325,8.471000724226859e-12,1.0050957428748039e-28,60,
92.7,0.0,38.07906156902851,-7.333986273286817e-14,346.5500735871521,-2.54159348269471e-11,9.045861685874523e-28,60,
92.8,-55000.0,38.30228615535468,-144.64953193936762,380.22936723399965,-54999.99999999997,2593.6693185064087,60,
92.9,-55000.0,38.524999700124496,-144.31837701082603,381.1018467583942,-54999.99999999998,2580.279373506277,60,
93.0,-55000.0,38.747207049049905,-143.99036210367245,381.97000963439683,-55000.00000000006,2567.0460639891708,60,
93.1,-55000.0,38.968912977080564,-143.66544136387816,382.8338915598712,-54999.99999999996,2553.9666677381633,60,
93.2,-55000.0,39.19012218978836,-143.34356983464446,383.69352781883293,-54999.99999999997,2541.038524098758,60,
93.3,-55000.0,39.41083932471797,-143.02470343439376,384.54895328784073,-54999.999999999956,2528.2590322717956,60,
93.4,-50000.0,39.61251211238769,-130.68396640997113,382.60240619835537,-50000.00000000001,2109.546616434625,60,
93.5,-50000.0,39.813772597364064,-130.41679426469543,383.38620636939885,-49999.999999999956,2099.802636603286,60,
93.6,-50000.0,40.01462437893269,-130.15195445647365,384.1663400968851,-49999.999999999956,2090.1627247738857,60,
93.7,-50000.0,40.215072271772954,-129.89023456048164,384.9404088705232,-49999.99999999996,2080.5787060839384,60,
93.8,-55000.0,40.43356789039541,-141.58516086735415,388.45878807545006,-55000.00000000003,2469.5980486006547,60,
93.9,-55000.0,40.65161678045835,-141.29568076077234,389.25464461380443,-55000.0,2456.790139745483,60,
94.0,-55000.0,40.86922252970714,-141.00852551322367,390.047337916757,-55000.0,2444.1112744332477,60,
94.1,-55000.0,41.086388685303525,-140.72366882646557,390.83688237139194,-55000.00000000004,2431.559604229125,60,
94.2,-55000.0,41.3031187544355,-140.44108479750886,391.6232922816016,-55000.00000000001,2419.133314345811,60,
94.3,0.0,41.3031187544355,5.560792813342275e-14,359.85136820416653,2.0010589021811142e-11,4.887831062580396e-28,60,
94.4,0.0,41.3031187544355,4.3250610770439914e-14,359.8714263116989,1.5564658986810337e-11,2.9568360748947334e-28,60,
94.5,0.0,41.3031187544355,-4.942926945193133e-14,359.8914305388282,-1.7789170493544767e-11,3.861989975372164e-28,60,
94.6,-50000.0,41.501112544369064,-128.29997587695576,389.711686679908,-49999.999999999935,2016.721208167096,60,
94.7,-50000.0,41.698740634454104,-128.06300237509814,390.43282659850064,-50000.000000000065,2007.2536866269052,60,
94.8,-50000.0,41.89600577893433,-127.8278136231933,391.1511789397291,-50000.00000000002,1997.8744107754871,60,
94.9,-50000.0,42.09291070293514,-127.59439075251694,391.8667560941637,-49999.99999999997,1988.5822055364345,60,
95.0,-50000.0,42.28945810287182,-127.36271515897354,392.5795703836102,-49999.99999999995,1979.3759157345414,60,
95.1,-50000.0,42.4856506468509,-127.13276849845144,393.289634061647,-50000.00000000005,1970.2544056911397,60,
95.2,-50000.0,42.6814909750643,-126.90453268227391,393.99695931415755,-50000.00000000005,1961.2165588221421,60,
95.3,-45000.0,42.85866746941812,-114.81036834128025,391.9506630815342,-44999.99999999997,1603.6065963520707,60,
95.4,-45000.0,43.03555424993086,-114.62263377224596,392.5926190931417,-45000.00000000004,1596.9151959818855,60,
95.5,-45000.0,43.212153341856926,-114.43621156809296,393.23217173458744,-44999.99999999991,1590.2807117554803,60,
95.6,-45000.0,43.38846675066404,-114.25108890701598,393.86933140412793,-44999.99999999996,1583.7024477940975,60,
95.7,-45000.0,43.56449646228883,-114.06725313285459,394.5041084454649,-44999.99999999996,1577.179719045207,60,
95.8,-5000.0,43.585244936757455,-13.445011455669807,371.88514241774635,-4999.999999999997,21.89213776347739,60,
95.9,-5000.0,43.60598864230734,-13.441921196320694,371.9706377514372,-4999.99999999997,21.879737953183632,60,
96.0,-5000.0,43.62672759346846,-13.438840352405906,372.05591173682245,-4999.99999999998,21.867373783276122,60,
96.1,-5000.0,43.64746180470765,-13.435768882996193,372.14096517600626,-4999.9999999999545,21.855045086605386,60,
96.2,-5000.0,43.6681912904289,-13.432706747363317,372.2257988682328,-5000.000000000012,21.842751696932904,60,
96.3,-5000.0,43.68891606497362,-13.429653904977704,372.31041360989633,-5000.000000000008,21.83049344892128,60,
96.4,-5000.0,43.70963614262101,-13.426610315508508,372.39481019455116,-4999.999999999994,21.818270178163317,60,
96.5,0.0,43.70963614262101,5.216585856604279e-14,369.3721545100495,1.9268615570405747e-11,4.037539971853e-28,60,
96.6,0.0,43.70963614262101,1.5571898079415757e-15,369.3765343161638,5.75189374529912e-13,3.5977188432639784e-31,60,
96.7,0.0,43.70963614262101,-2.5693631831035998e-14,369.38090140355104,-9.490736886079048e-12,9.794789550787571e-29,60,
96.8,0.0,43.70963614262101,7.318792097325406e-14,369.38525580914546,2.7034538910844973e-11,7.947360924770128e-28,60,
96.9,0.0,43.70963614262101,9.732436299634848e-14,369.38959756977454,3.595060728095582e-11,1.4053589231501913e-27,60,
97.0,0.0,43.70963614262101,8.486684453281587e-14,369.3939267221585,3.13492969504958e-11,1.0686124394204832e-27,60,
97.1,0.0,43.70963614262101,1.0121733751620242e-14,369.39824330291106,3.738950667028301e-12,1.520036211279031e-29,60,
97.2,0.0,43.70963614262101,-8.097387001296194e-14,369.4025473485396,-2.9911953851457665e-11,9.72823175218718e-28,60,
97.3,0.0,43.70963614262101,2.958660635088994e-14,369.40683889544533,1.0929494725726159e-11,1.2987765024182962e-28,60,
97.4,0.0,43.70963614262101,3.4258175774714664e-14,369.41111797992403,1.2655351012890094e-11,1.7412959201400129e-28,60,
97.5,0.0,43.70963614262101,2.4136442023094422e-14,369.4153846381659,8.916373013758217e-12,8.643519520941708e-29,60,
97.6,0.0,43.70963614262101,-3.347958087074388e-14,369.41963890625607,-1.2368014676003002e-11,1.663045535298774e-28,60,
97.7,0.0,43.70963614262101,2.0243467503240484e-14,369.4238808201749,7.478420326304195e-12,6.080144845116987e-29,60,
97.8,0.0,43.70963614262101,2.0243467503240484e-14,369.42811041579813,7.478505947985747e-12,6.080144845116124e-29,60,
97.9,0.0,43.70963614262101,-4.048693500648097e-14,369.43232772889763,-1.4957182642052856e-11,2.432057938046795e-28,60,
98.0,0.0,43.70963614262101,9.343138847649454e-14,369.4365327951411,3.451696821299204e-11,1.2951787835750324e-27,60,
98.1,0.0,43.70963614262101,-3.1143796158831515e-15,369.4407256500929,-1.150578665241729e-12,1.4390875373055914e-30,60,
98.2,0.0,43.70963614262101,6.773775664545855e-14,369.4449063292137,2.502536915883251e-11,6.807783481167231e-28,60,
98.3,0.0,43.70963614262101,-1.479330317544497e-14,369.4490748678618,-5.465372172407946e-12,3.2469412560457405e-29,60,
98.4,0.0,43.70963614262101,-2.180065731118206e-14,369.4532313012923,-8.054323288108355e-12,7.0515289327984e-29,60,
98.5,0.0,43.70963614262101,-9.265279357252375e-14,369.4573756646582,-3.423125796130393e-11,1.27368241348653e-27,60,
98.6,0.0,43.70963614262101,-9.187419866855297e-14,369.46150799301023,-3.3943979985732994e-11,1.252365929340191e-27,60,
98.7,0.0,43.70963614262101,6.773775664545855e-14,369.4656283212975,2.5026772820089488e-11,6.807783481167231e-28,60,
98.8,0.0,43.70963614262101,7.318792097325406e-14,369.4697366843676,2.7040721890464483e-11,7.947360924770128e-28,60,
98.9,0.0,43.70963614262101,6.150899741369224e-14,369.4738331169669,2.2725965045618477e-11,5.613340825203421e-28,60,
99.0,0.0,43.70963614262101,7.785949039707879e-14,369.47791765374075,2.8767362381494096e-11,8.994297108159948e-28,60,
99.1,0.0,43.70963614262101,-9.498857828443612e-14,369.4819903292342,-3.509656896307773e-11,1.3387111815785264e-27,60,
99.2,0.0,43.70963614262101,-7.863808530104957e-14,369.4860511778916,-2.9055675610075007e-11,9.175082480035263e-28,60,
99.3,0.0,43.70963614262101,-7.240932606928327e-14,369.49010023405754,-2.675452914722003e-11,7.779167568847536e-28,60,
99.4,0.0,43.70963614262101,-2.180065731118206e-14,369.4941375319768,-8.0552150708254e-12,7.0515289327984e-29,60,
99.5,0.0,43.70963614262101,2.7250821638977574e-14,369.4981631057946,1.0069128538725853e-11,1.1018013957495932e-28,60,
99.6,0.0,43.70963614262101,-6.306618722163382e-14,369.50217698955737,-2.3303093472824702e-11,5.90115833266374e-28,60,
99.7,0.0,43.70963614262101,-8.253105982090351e-14,369.50617921721215,-3.0495736581169226e-11,1.0105992230729952e-27,60,
99.8,0.0,43.70963614262101,-6.228759231766302e-14,369.51016982260785,-2.301589881514103e-11,5.756350149222365e-28,60,
99.9,0.0,43.70963614262101,-6.462337702957539e-14,369.5141488394948,-2.387925215821731e-11,6.196171277812267e-28,60,
100.0,0.0,43.70963614262101,4.749428914221806e-14,369.51811630152537,1.7550000258912404e-11,3.346777953946316e-28,60,
